-- phpMyAdmin SQL Dump
-- version 5.1.1
-- https://www.phpmyadmin.net/
--
-- Host: 127.0.0.1
-- Generation Time: Jan 13, 2023 at 12:54 AM
-- Server version: 10.4.11-MariaDB
-- PHP Version: 8.0.7

SET SQL_MODE = "NO_AUTO_VALUE_ON_ZERO";
START TRANSACTION;
SET time_zone = "+00:00";


/*!40101 SET @OLD_CHARACTER_SET_CLIENT=@@CHARACTER_SET_CLIENT */;
/*!40101 SET @OLD_CHARACTER_SET_RESULTS=@@CHARACTER_SET_RESULTS */;
/*!40101 SET @OLD_COLLATION_CONNECTION=@@COLLATION_CONNECTION */;
/*!40101 SET NAMES utf8mb4 */;

--
-- Database: `laravel_miftah`
--

-- --------------------------------------------------------

--
-- Table structure for table `kecamatan`
--

CREATE TABLE `kecamatan` (
  `id_kecamatan` int(11) UNSIGNED NOT NULL,
  `nama` varchar(50) COLLATE utf8mb4_unicode_ci NOT NULL,
  `created_at` timestamp NOT NULL DEFAULT current_timestamp(),
  `updated_at` timestamp NOT NULL DEFAULT current_timestamp()
) ENGINE=MyISAM DEFAULT CHARSET=utf8mb4 COLLATE=utf8mb4_unicode_ci;

--
-- Dumping data for table `kecamatan`
--

INSERT INTO `kecamatan` (`id_kecamatan`, `nama`, `created_at`, `updated_at`) VALUES
(1, 'Medan Tuntungan', '2023-01-02 12:17:26', '2023-01-04 10:42:08'),
(2, 'Medan Johor', '2023-01-12 23:17:08', '2023-01-12 23:17:08'),
(3, 'Medan Amplas', '2023-01-02 12:17:26', '2023-01-02 12:17:26'),
(4, 'Medan Denai', '2023-01-02 12:17:26', '2023-01-02 12:17:26'),
(5, 'Medan Area', '2023-01-02 12:17:26', '2023-01-02 12:17:26'),
(6, 'Medan Kota', '2023-01-02 12:17:26', '2023-01-02 12:17:26'),
(7, 'Medan Maimun', '2023-01-02 12:17:26', '2023-01-02 12:17:26'),
(8, 'Medan Polonia', '2023-01-02 12:17:26', '2023-01-02 12:17:26'),
(9, 'Medan Baru', '2023-01-02 12:17:26', '2023-01-02 12:17:26'),
(10, 'Medan Selayang', '2023-01-02 12:17:26', '2023-01-02 12:17:26'),
(11, 'Medan Sunggal', '2023-01-02 12:17:26', '2023-01-02 12:17:26'),
(12, 'Medan Helvetia', '2023-01-02 12:17:26', '2023-01-02 12:17:26'),
(13, 'Medan Petisah', '2023-01-02 12:17:26', '2023-01-02 12:17:26'),
(14, 'Medan Barat', '2023-01-02 12:17:26', '2023-01-02 12:17:26'),
(15, 'Medan Timur', '2023-01-02 12:17:26', '2023-01-02 12:17:26'),
(16, 'Medan Perjuangan', '2023-01-02 12:17:26', '2023-01-02 12:17:26'),
(17, 'Medan Tembung', '2023-01-02 12:17:26', '2023-01-02 12:17:26'),
(18, 'Medan Deli', '2023-01-02 12:17:26', '2023-01-02 12:17:26'),
(19, 'Medan Labuhan', '2023-01-02 12:17:26', '2023-01-02 12:17:26'),
(20, 'Medan Marelan', '2023-01-02 12:17:26', '2023-01-02 12:17:26'),
(21, 'Medan Belawan', '2023-01-02 12:17:26', '2023-01-02 12:17:26');

-- --------------------------------------------------------

--
-- Table structure for table `kelurahan`
--

CREATE TABLE `kelurahan` (
  `id_kelurahan` int(11) NOT NULL,
  `nama` varchar(30) COLLATE utf8mb4_unicode_ci NOT NULL,
  `id_kecamatan` int(11) NOT NULL DEFAULT 1,
  `created_at` timestamp NULL DEFAULT current_timestamp(),
  `updated_at` timestamp NULL DEFAULT current_timestamp()
) ENGINE=MyISAM DEFAULT CHARSET=utf8mb4 COLLATE=utf8mb4_unicode_ci;

--
-- Dumping data for table `kelurahan`
--

INSERT INTO `kelurahan` (`id_kelurahan`, `nama`, `id_kecamatan`, `created_at`, `updated_at`) VALUES
(1, 'LADANG BAMBU', 1, '2022-10-21 12:34:48', '2022-10-21 12:34:48'),
(2, 'SIDOMULYO', 1, '2022-10-21 12:34:48', '2022-10-21 12:34:48'),
(3, 'LAU CIH', 1, '2022-10-21 12:34:48', '2022-10-21 12:34:48'),
(4, 'NAMO GAJAH', 1, '2022-10-21 12:34:48', '2022-10-21 12:34:48'),
(5, 'KEMENANGAN TANI', 1, '2022-10-21 12:34:49', '2022-10-21 12:34:49'),
(6, 'TANJUNG SELAMAT', 1, '2022-10-21 12:34:49', '2022-10-21 12:34:49'),
(7, 'MANGGA', 1, '2022-10-21 12:34:49', '2022-10-21 12:34:49'),
(8, 'SP. SELAYANG', 1, '2022-10-21 12:34:49', '2022-10-21 12:34:49'),
(9, 'SIMALINGKAR B', 1, '2022-10-21 12:34:49', '2022-10-21 12:34:49'),
(10, 'KWALA BEKALA', 2, '2022-10-21 12:37:33', '2023-01-04 11:00:13'),
(11, 'GEDUNG JOHOR', 2, '2022-10-21 12:37:33', '2023-01-04 11:00:27'),
(12, 'PANGKALAN MASYHUR', 2, '2022-10-21 12:37:33', '2022-10-21 12:37:33'),
(13, 'SUKA MAJU', 2, '2022-10-21 12:37:34', '2022-10-21 12:37:34'),
(14, 'KEDAI DURIAN', 2, '2022-10-21 12:37:34', '2022-10-21 12:37:34'),
(15, 'TITI KUNING', 2, '2022-10-21 12:37:34', '2022-10-21 12:37:34'),
(16, 'HARJOSARI I', 3, '2022-10-21 12:41:45', '2022-10-21 12:41:45'),
(17, 'HARJOSARI II', 3, '2022-10-21 12:41:45', '2022-10-21 12:41:45'),
(18, 'SITIREJO II', 3, '2022-10-21 12:41:45', '2022-10-21 12:41:45'),
(19, 'SITIREJO III', 3, '2022-10-21 12:41:45', '2022-10-21 12:41:45'),
(20, 'AMPLAS', 3, '2022-10-21 12:41:45', '2022-10-21 12:41:45'),
(21, 'T. DELI ', 3, '2022-10-21 12:41:45', '2022-10-21 12:41:45'),
(22, 'B. MULIA', 3, '2022-10-21 12:41:45', '2022-10-21 12:41:45'),
(23, 'BINJAI', 4, '2022-10-21 12:45:30', '2022-10-21 12:45:30'),
(24, 'DENAI', 4, '2022-10-21 12:45:30', '2022-10-21 12:45:30'),
(25, 'MENTENG', 4, '2022-10-21 12:45:30', '2022-10-21 12:45:30'),
(26, 'TEGAL SARI MANDALA II', 4, '2022-10-21 12:45:30', '2022-10-21 12:45:30'),
(27, 'TEGAL SARI MANDAALA I', 4, '2022-10-21 12:45:30', '2023-01-04 11:16:44'),
(28, 'TEGAL SARI MANDAALA III', 4, '2022-10-21 12:45:30', '2023-01-04 11:16:44'),
(29, 'KOTAMATSUM I', 5, '2022-10-22 07:02:16', '2023-01-04 11:17:15'),
(30, 'KOTAMATSUM II', 5, '2022-10-22 07:02:16', '2023-01-04 11:17:15'),
(31, 'KOTAMATSUM IV', 5, '2022-10-22 07:02:16', '2023-01-04 11:17:15'),
(32, 'SEI RENGAS PERMATA', 5, '2022-10-22 07:02:16', '2023-01-04 11:17:15'),
(33, 'Tegal Sari I', 5, '2022-10-22 07:02:16', '2023-01-04 11:17:15'),
(34, 'Tegal Sari III', 5, '2022-10-22 07:02:16', '2023-01-04 11:17:15'),
(35, 'Tegal Sari II', 5, '2022-10-22 07:02:16', '2023-01-04 11:17:15'),
(36, 'Pasar Merah Timur', 5, '2022-10-22 07:02:16', '2023-01-04 11:17:15'),
(37, 'Sukaramai I', 5, '2022-10-22 07:02:16', '2023-01-04 11:17:15'),
(38, 'Sukaramai II', 5, '2022-10-22 07:02:16', '2023-01-04 11:17:15'),
(39, 'Sei Rengas II', 5, '2022-10-22 07:02:16', '2023-01-04 11:17:15'),
(40, 'Pandau Hulu II', 5, '2022-10-22 07:02:16', '2023-01-04 11:17:15'),
(41, 'TELADAN BARAT', 6, '2022-10-22 07:07:48', '2023-01-04 11:17:55'),
(42, 'MASJID', 6, '2022-10-22 07:07:48', '2023-01-04 11:17:55'),
(43, 'PASAR BARU', 6, '2022-10-22 07:07:48', '2023-01-04 11:17:55'),
(44, 'PUSAT PASAR', 6, '2022-10-22 07:07:48', '2023-01-04 11:17:55'),
(45, 'PANDAU HULU I', 6, '2022-10-22 07:07:48', '2023-01-04 11:17:55'),
(46, 'TELADAN TIMUR', 6, '2022-10-22 07:07:48', '2023-01-04 11:17:55'),
(47, 'KOMAT II', 6, '2022-10-22 07:07:48', '2023-01-04 11:17:55'),
(48, 'PASAR MERAH BARAT', 6, '2022-10-22 07:07:48', '2023-01-04 11:17:55'),
(49, 'SEI RENGGAS I', 6, '2022-10-22 07:07:48', '2023-01-04 11:17:55'),
(50, 'SUDIREJO I', 6, '2022-10-22 07:07:48', '2023-01-04 11:17:55'),
(51, 'SUDIREJO II', 6, '2022-10-22 07:07:48', '2023-01-04 11:17:55'),
(52, 'SITIREJO I', 6, '2022-10-22 07:07:48', '2023-01-04 11:17:55'),
(53, 'KAMPUNG BARU', 7, '2022-10-22 07:10:41', '2023-01-04 11:18:06'),
(54, 'SEIMATI', 7, '2022-10-22 07:10:42', '2023-01-04 11:18:06'),
(55, 'SUKARAJA', 7, '2022-10-22 07:10:42', '2023-01-04 11:18:06'),
(56, 'JATI', 7, '2022-10-22 07:10:42', '2023-01-04 11:18:06'),
(57, 'HAMDAN', 7, '2022-10-22 07:10:42', '2023-01-04 11:18:06'),
(58, 'AUR', 7, '2022-10-22 07:10:42', '2023-01-04 11:18:06'),
(59, 'POLONIA', 8, '2022-10-22 07:12:24', '2023-01-04 11:18:19'),
(60, 'ANGGRUNG', 8, '2022-10-22 07:12:25', '2023-01-04 11:18:19'),
(61, 'MADRAS HULU', 8, '2022-10-22 07:12:25', '2023-01-04 11:18:19'),
(62, 'SUKA DAMAI', 8, '2022-10-22 07:12:25', '2023-01-04 11:18:19'),
(63, 'SARI REJO', 8, '2022-10-22 07:12:25', '2023-01-04 11:18:19'),
(64, 'TITI RANTE', 9, '2022-10-22 07:15:01', '2023-01-04 11:18:36'),
(65, 'PADANG BULAN', 9, '2022-10-22 07:15:01', '2023-01-04 11:18:36'),
(66, 'MERDEKA', 9, '2022-10-22 07:15:01', '2023-01-04 11:18:36'),
(67, 'BABURA', 9, '2022-10-22 07:15:02', '2023-01-04 11:18:36'),
(68, 'PETISAH HULU', 9, '2022-10-22 07:15:02', '2023-01-04 11:18:36'),
(69, 'DARAT', 9, '2022-10-22 07:15:02', '2023-01-04 11:18:36'),
(70, 'ASAM KUMBANG', 10, '2022-10-22 08:43:16', '2023-01-04 11:18:50'),
(71, 'TANJUNG SARI', 10, '2022-10-22 08:43:16', '2023-01-04 11:18:50'),
(72, 'PB. SELAYANG 1', 10, '2022-10-22 08:43:16', '2023-01-04 11:18:50'),
(73, 'PB. SELAYANG 2', 10, '2022-10-22 08:43:16', '2023-01-04 11:18:50'),
(74, 'BERINGIN', 10, '2022-10-22 08:43:16', '2023-01-04 11:18:50'),
(75, 'SEMPAKATA', 10, '2022-10-22 08:43:16', '2023-01-04 11:18:50'),
(76, 'LALANG', 11, '2022-10-22 08:45:48', '2023-01-04 11:19:02'),
(77, 'SEI SIKAMBING B', 11, '2022-10-22 08:45:48', '2023-01-04 11:19:02'),
(78, 'KELURAHAN SUNGGAL', 11, '2022-10-22 08:45:48', '2023-01-04 11:19:02'),
(79, 'TJ REJO', 11, '2022-10-22 08:45:48', '2023-01-04 11:19:02'),
(80, 'BABURA', 11, '2022-10-22 08:45:48', '2023-01-04 11:19:02'),
(81, 'SIMPANG TANJUNG', 11, '2022-10-22 08:45:48', '2023-01-04 11:19:02'),
(82, 'HELVETIA', 12, '2022-10-22 08:48:46', '2023-01-04 11:19:13'),
(83, 'HELVETIA TENGAH', 12, '2022-10-22 08:48:46', '2023-01-04 11:19:13'),
(84, 'HELVETIA TIMUR', 12, '2022-10-22 08:48:46', '2023-01-04 11:19:13'),
(85, 'DWIKORA', 12, '2022-10-22 08:48:47', '2023-01-04 11:19:13'),
(86, 'SSC II', 12, '2022-10-22 08:48:47', '2023-01-04 11:19:13'),
(87, 'TANJUNG GUSTA', 12, '2022-10-22 08:48:47', '2023-01-04 11:19:13'),
(88, 'CINTA DAMAI', 12, '2022-10-22 08:48:47', '2023-01-04 11:19:13'),
(89, 'PETISAH TENGAH', 13, '2022-10-22 08:52:41', '2023-01-04 11:19:34'),
(90, 'SEKIP', 13, '2022-10-22 08:52:41', '2023-01-04 11:19:34'),
(91, 'SEI PUTIH TIMUR I', 13, '2022-10-22 08:52:41', '2023-01-04 11:19:34'),
(92, 'SEI SIKAMBING D', 13, '2022-10-22 08:52:41', '2023-01-04 11:19:34'),
(93, 'SEI PUTIH BARAT', 13, '2022-10-22 08:52:42', '2023-01-04 11:19:34'),
(94, 'SEI PUTIH TENGAH', 13, '2022-10-22 08:52:42', '2023-01-04 11:19:34'),
(95, 'SEI PUTIH TIMUR II', 13, '2022-10-22 08:52:42', '2023-01-04 11:19:34'),
(96, 'KESAWAN', 14, '2022-10-22 09:01:58', '2023-01-04 11:19:46'),
(97, 'SILALAS', 14, '2022-10-22 09:01:58', '2023-01-04 11:19:46'),
(98, 'GLUGUR KOTA', 14, '2022-10-22 09:01:58', '2023-01-04 11:19:46'),
(99, 'PULO BRAYAN KOTA', 14, '2022-10-22 09:01:58', '2023-01-04 11:19:46'),
(100, 'KARANG BEROMBAK', 14, '2022-10-22 09:01:58', '2023-01-04 11:19:46'),
(101, 'SEI AGUL', 14, '2022-10-22 09:01:58', '2023-01-04 11:19:46'),
(102, 'GLUGUR DARAT I', 15, '2022-10-22 09:05:25', '2023-01-04 11:19:56'),
(103, 'GLUGUR DARAT II', 15, '2022-10-22 09:05:25', '2023-01-04 11:19:56'),
(104, 'PBD I', 15, '2022-10-22 09:05:25', '2023-01-04 11:19:56'),
(105, 'PBD II', 15, '2022-10-22 09:05:25', '2023-01-04 11:19:56'),
(106, 'P.B. BENGKEL', 15, '2022-10-22 09:05:26', '2023-01-04 11:19:56'),
(107, 'P.B.B. BARU', 15, '2022-10-22 09:05:26', '2023-01-04 11:19:56'),
(108, 'DURIAN', 15, '2022-10-22 09:05:26', '2023-01-04 11:19:56'),
(109, 'GAHARU', 15, '2022-10-22 09:05:26', '2023-01-04 11:19:56'),
(110, 'SIDODADI', 15, '2022-10-22 09:05:26', '2023-01-04 11:19:56'),
(111, 'PERINTIS', 15, '2022-10-22 09:05:26', '2023-01-04 11:19:56'),
(112, 'GANG BUNTU', 15, '2022-10-22 09:05:26', '2023-01-04 11:19:56'),
(113, 'SEI KERA HILIR I', 16, '2022-10-22 09:08:48', '2023-01-04 11:20:10'),
(114, 'SEI KERA HILIR II', 16, '2022-10-22 09:08:48', '2023-01-04 11:20:10'),
(115, 'SEI KERA HULU', 16, '2022-10-22 09:08:48', '2023-01-04 11:20:10'),
(116, 'PAHLAWAN', 16, '2022-10-22 09:08:48', '2023-01-04 11:20:10'),
(117, 'SIDORAME BARAT I', 16, '2022-10-22 09:08:48', '2023-01-04 11:20:10'),
(118, 'SIDORAME BARAT II', 16, '2022-10-22 09:08:48', '2023-01-04 11:20:10'),
(119, 'PANDAU HILIR', 16, '2022-10-22 09:08:48', '2023-01-04 11:20:10'),
(120, 'SIDORAME TIMUR', 16, '2022-10-22 09:08:48', '2023-01-04 11:20:10'),
(121, 'TEGAL REJO', 16, '2022-10-22 09:08:48', '2023-01-04 11:20:10'),
(122, 'BANDAR SELAMAT', 17, '2022-10-22 09:14:37', '2023-01-04 11:20:23'),
(123, 'BANTAN', 17, '2022-10-22 09:14:37', '2023-01-04 11:20:23'),
(124, 'BANTAN TIMUR', 17, '2022-10-22 09:14:38', '2023-01-04 11:20:23'),
(125, 'TEMBUNG', 17, '2022-10-22 09:14:38', '2023-01-04 11:20:23'),
(126, 'SIDOREJO', 17, '2022-10-22 09:14:38', '2023-01-04 11:20:23'),
(127, 'SIDOREJO HILIR', 17, '2022-10-22 09:14:38', '2023-01-04 11:20:23'),
(128, 'INDRA KASIH', 17, '2022-10-22 09:14:38', '2023-01-04 11:20:23'),
(129, 'TANJUNG MULIA', 18, '2022-10-22 09:17:03', '2023-01-04 11:20:37'),
(130, 'TANJUNG MULIA HILIR', 18, '2022-10-22 09:17:03', '2023-01-04 11:20:37'),
(131, 'KOTA BANGUN', 18, '2022-10-22 09:17:03', '2023-01-04 11:20:37'),
(132, 'MABAR', 18, '2022-10-22 09:17:03', '2023-01-04 11:20:37'),
(133, 'MABAR HILIR', 18, '2022-10-22 09:17:03', '2023-01-04 11:20:37'),
(134, 'TITI PAPAN', 18, '2022-10-22 09:17:03', '2023-01-04 11:20:37'),
(135, 'MARTUBUNG', 19, '2022-10-23 11:24:29', '2023-01-04 11:20:50'),
(136, 'SEI MATI', 19, '2022-10-23 11:24:29', '2023-01-04 11:20:50'),
(137, 'PEKAN LABUHAN', 19, '2022-10-23 11:24:29', '2023-01-04 11:20:50'),
(138, 'NELAYAN INDAH', 19, '2022-10-23 11:24:29', '2023-01-04 11:20:50'),
(139, 'BESAR', 19, '2022-10-23 11:24:29', '2023-01-04 11:20:50'),
(140, 'TANGKAHAN', 19, '2022-10-23 11:24:29', '2023-01-04 11:20:50'),
(141, 'TERJUN', 20, '2022-10-23 11:26:54', '2023-01-04 11:21:02'),
(142, 'PAYAH PASIR', 20, '2022-10-23 11:26:54', '2023-01-04 11:21:02'),
(143, 'LABUHAN DELI', 20, '2022-10-23 11:26:54', '2023-01-04 11:21:02'),
(144, 'RENGAS PULAU', 20, '2022-10-23 11:26:54', '2023-01-04 11:21:02'),
(145, 'TANAH 600', 20, '2022-10-23 11:26:54', '2023-01-04 11:21:02'),
(146, 'BELAWAN I', 21, '2022-10-23 11:29:14', '2023-01-04 11:21:12'),
(147, 'BELAWAN II', 21, '2022-10-23 11:29:14', '2023-01-04 11:21:12'),
(148, 'BAGAN DELI', 21, '2022-10-23 11:29:14', '2023-01-04 11:21:12'),
(149, 'BELAWAN SICANANG', 21, '2022-10-23 11:29:14', '2023-01-04 11:21:12'),
(150, 'BELAWAN BAHAGIA', 21, '2022-10-23 11:29:14', '2023-01-04 11:21:12'),
(151, 'BELAWAN BAHARI', 21, '2022-10-23 11:29:14', '2023-01-04 11:21:12');

-- --------------------------------------------------------

--
-- Table structure for table `laporan`
--

CREATE TABLE `laporan` (
  `id_laporan` int(11) NOT NULL,
  `id_puskesmas` int(11) NOT NULL DEFAULT 1,
  `tahun` int(4) NOT NULL,
  `sasaran` int(4) NOT NULL,
  `jumlah` int(4) NOT NULL,
  `sangat_pendek` int(4) NOT NULL,
  `pendek` int(4) NOT NULL,
  `normal` int(4) NOT NULL,
  `created_at` timestamp NOT NULL DEFAULT current_timestamp(),
  `updated_at` timestamp NOT NULL DEFAULT current_timestamp()
) ENGINE=MyISAM DEFAULT CHARSET=utf8mb4 COLLATE=utf8mb4_unicode_ci;

--
-- Dumping data for table `laporan`
--

INSERT INTO `laporan` (`id_laporan`, `id_puskesmas`, `tahun`, `sasaran`, `jumlah`, `sangat_pendek`, `pendek`, `normal`, `created_at`, `updated_at`) VALUES
(1, 1, 2021, 205, 205, 1, 1, 203, '2023-01-04 13:06:25', '2023-01-04 13:09:02'),
(2, 2, 2021, 90, 90, 1, 0, 89, '2023-01-04 13:06:25', '2023-01-04 13:10:28'),
(3, 3, 2021, 65, 65, 0, 0, 65, '2023-01-04 13:06:25', '2023-01-04 13:10:28'),
(4, 4, 2021, 120, 120, 0, 2, 118, '2023-01-04 13:06:25', '2023-01-04 13:10:28'),
(5, 5, 2021, 125, 125, 0, 1, 124, '2023-01-04 13:06:25', '2023-01-04 13:10:28'),
(6, 6, 2021, 275, 275, 2, 3, 270, '2023-01-04 13:06:25', '2023-01-04 13:10:28'),
(7, 7, 2021, 1147, 1147, 0, 2, 1145, '2023-01-04 13:06:25', '2023-01-04 13:11:20'),
(8, 8, 2021, 810, 810, 0, 0, 810, '2023-01-04 13:06:25', '2023-01-04 13:11:20'),
(9, 9, 2021, 176, 176, 0, 0, 176, '2023-01-04 13:06:25', '2023-01-04 13:11:20'),
(10, 10, 2021, 940, 940, 1, 2, 937, '2023-01-04 13:06:25', '2023-01-04 13:11:20'),
(11, 11, 2021, 792, 792, 0, 0, 792, '2023-01-04 13:06:25', '2023-01-04 13:11:20'),
(12, 12, 2021, 1057, 1057, 0, 0, 1057, '2023-01-04 13:06:25', '2023-01-04 13:11:20'),
(13, 13, 2021, 389, 389, 0, 2, 387, '2023-01-04 13:06:25', '2023-01-04 13:11:20'),
(14, 14, 2021, 270, 270, 1, 0, 269, '2023-01-04 13:06:25', '2023-01-04 13:11:20'),
(15, 15, 2021, 843, 843, 4, 2, 837, '2023-01-04 13:06:25', '2023-01-04 13:11:20'),
(16, 16, 2021, 1738, 1738, 0, 2, 1736, '2023-01-04 13:06:25', '2023-01-04 13:11:20'),
(17, 17, 2021, 1710, 1710, 0, 0, 1710, '2023-01-04 13:06:25', '2023-01-04 13:11:20'),
(18, 18, 2021, 418, 418, 0, 1, 417, '2023-01-04 13:06:25', '2023-01-04 13:11:20'),
(19, 19, 2021, 607, 607, 0, 0, 607, '2023-01-04 13:06:25', '2023-01-04 13:11:20'),
(20, 20, 2021, 765, 765, 0, 1, 764, '2023-01-04 13:06:25', '2023-01-04 13:11:20'),
(21, 21, 2021, 901, 901, 0, 0, 901, '2023-01-04 13:06:25', '2023-01-04 13:11:20'),
(22, 22, 2021, 139, 139, 0, 0, 139, '2023-01-04 13:06:25', '2023-01-04 13:11:20'),
(23, 23, 2021, 2568, 2568, 0, 4, 2564, '2023-01-04 13:06:25', '2023-01-04 13:11:20'),
(24, 24, 2021, 1050, 1050, 0, 0, 1050, '2023-01-04 13:06:25', '2023-01-04 13:11:20'),
(25, 25, 2021, 825, 825, 0, 1, 824, '2023-01-04 13:06:25', '2023-01-04 13:11:20'),
(26, 26, 2021, 1235, 1235, 1, 5, 1229, '2023-01-04 13:06:25', '2023-01-04 13:11:20'),
(27, 27, 2021, 534, 534, 0, 0, 534, '2023-01-04 13:06:25', '2023-01-04 13:11:20'),
(28, 28, 2021, 1514, 1514, 3, 3, 1508, '2023-01-04 13:06:25', '2023-01-04 13:11:20'),
(29, 29, 2021, 510, 510, 0, 0, 510, '2023-01-04 13:06:25', '2023-01-04 13:11:20'),
(30, 30, 2021, 244, 244, 0, 0, 244, '2023-01-04 13:06:25', '2023-01-04 13:11:20'),
(31, 31, 2021, 285, 285, 0, 0, 285, '2023-01-04 13:06:25', '2023-01-04 13:11:20'),
(32, 32, 2021, 98, 98, 0, 0, 98, '2023-01-04 13:06:25', '2023-01-04 13:11:20'),
(33, 33, 2021, 348, 348, 0, 4, 344, '2023-01-04 13:06:25', '2023-01-04 13:11:20'),
(34, 34, 2021, 365, 365, 0, 4, 361, '2023-01-04 13:06:25', '2023-01-04 13:11:20'),
(35, 35, 2021, 329, 329, 1, 3, 325, '2023-01-04 13:06:25', '2023-01-04 13:11:20'),
(36, 36, 2021, 321, 321, 1, 0, 320, '2023-01-04 13:06:25', '2023-01-04 13:11:20'),
(37, 37, 2021, 505, 505, 0, 1, 504, '2023-01-04 13:06:25', '2023-01-04 13:11:20'),
(38, 38, 2021, 388, 388, 0, 0, 388, '2023-01-04 13:06:25', '2023-01-04 13:11:20'),
(39, 39, 2021, 300, 300, 0, 0, 300, '2023-01-04 13:06:25', '2023-01-04 13:11:20'),
(40, 40, 2021, 515, 515, 0, 0, 515, '2023-01-04 13:06:25', '2023-01-04 13:11:20'),
(41, 41, 2021, 380, 380, 0, 1, 379, '2023-01-04 13:06:25', '2023-01-04 13:11:20'),
(42, 42, 2021, 163, 163, 0, 0, 163, '2023-01-04 13:06:25', '2023-01-04 13:11:20'),
(43, 43, 2021, 190, 190, 0, 0, 190, '2023-01-04 13:06:25', '2023-01-04 13:11:20'),
(44, 44, 2021, 284, 284, 0, 0, 284, '2023-01-04 13:06:25', '2023-01-04 13:11:20'),
(45, 45, 2021, 235, 235, 0, 0, 235, '2023-01-04 13:06:25', '2023-01-04 13:11:20'),
(46, 46, 2021, 548, 548, 0, 2, 546, '2023-01-04 13:06:25', '2023-01-04 13:11:20'),
(47, 47, 2021, 258, 258, 1, 0, 257, '2023-01-04 13:06:25', '2023-01-04 13:11:20'),
(48, 48, 2021, 162, 162, 0, 1, 161, '2023-01-04 13:06:25', '2023-01-04 13:11:20'),
(49, 49, 2021, 203, 203, 0, 0, 203, '2023-01-04 13:06:25', '2023-01-04 13:11:20'),
(50, 50, 2021, 554, 554, 0, 0, 554, '2023-01-04 13:06:25', '2023-01-04 13:11:20'),
(51, 51, 2021, 342, 342, 0, 1, 341, '2023-01-04 13:06:25', '2023-01-04 13:11:20'),
(52, 52, 2021, 240, 240, 0, 0, 240, '2023-01-04 13:06:25', '2023-01-04 13:11:20'),
(53, 53, 2021, 669, 669, 7, 4, 658, '2023-01-04 13:06:25', '2023-01-04 13:11:20'),
(54, 54, 2021, 426, 426, 8, 4, 414, '2023-01-04 13:06:25', '2023-01-04 13:11:20'),
(55, 55, 2021, 125, 125, 1, 3, 121, '2023-01-04 13:06:25', '2023-01-04 13:11:20'),
(56, 56, 2021, 26, 26, 0, 2, 24, '2023-01-04 13:06:25', '2023-01-04 13:11:20'),
(57, 57, 2021, 156, 156, 1, 1, 154, '2023-01-04 13:06:25', '2023-01-04 13:11:20'),
(58, 58, 2021, 286, 286, 3, 3, 280, '2023-01-04 13:06:25', '2023-01-04 13:11:20'),
(59, 59, 2021, 968, 968, 2, 3, 963, '2023-01-04 13:06:25', '2023-01-04 13:11:20'),
(60, 60, 2021, 97, 97, 0, 0, 97, '2023-01-04 13:06:25', '2023-01-04 13:11:20'),
(61, 61, 2021, 155, 155, 0, 0, 155, '2023-01-04 13:06:25', '2023-01-04 13:11:20'),
(62, 62, 2021, 309, 309, 0, 0, 309, '2023-01-04 13:06:25', '2023-01-04 13:11:20'),
(63, 63, 2021, 1452, 1452, 1, 6, 1445, '2023-01-04 13:06:25', '2023-01-04 13:11:20'),
(64, 64, 2021, 199, 199, 0, 0, 199, '2023-01-04 13:06:25', '2023-01-04 13:11:20'),
(65, 65, 2021, 139, 139, 0, 0, 139, '2023-01-04 13:06:25', '2023-01-04 13:11:20'),
(66, 66, 2021, 108, 108, 0, 0, 108, '2023-01-04 13:06:25', '2023-01-04 13:11:20'),
(67, 67, 2021, 177, 177, 0, 0, 177, '2023-01-04 13:06:25', '2023-01-04 13:11:20'),
(68, 68, 2021, 148, 148, 0, 0, 148, '2023-01-04 13:06:25', '2023-01-04 13:11:20'),
(69, 69, 2021, 42, 42, 0, 0, 42, '2023-01-04 13:06:25', '2023-01-04 13:11:20'),
(70, 70, 2021, 697, 697, 1, 1, 695, '2023-01-04 13:06:25', '2023-01-04 13:11:20'),
(71, 71, 2021, 1529, 1529, 0, 2, 1527, '2023-01-04 13:06:25', '2023-01-04 13:11:20'),
(72, 72, 2021, 484, 484, 0, 1, 483, '2023-01-04 13:06:25', '2023-01-04 13:11:20'),
(73, 73, 2021, 916, 916, 2, 15, 899, '2023-01-04 13:06:25', '2023-01-04 13:11:20'),
(74, 74, 2021, 329, 329, 0, 0, 329, '2023-01-04 13:06:25', '2023-01-04 13:11:20'),
(75, 75, 2021, 418, 418, 0, 0, 418, '2023-01-04 13:06:25', '2023-01-04 13:11:20'),
(76, 76, 2021, 703, 703, 7, 3, 693, '2023-01-04 13:06:25', '2023-01-04 13:11:20'),
(77, 77, 2021, 1363, 1363, 1, 7, 1355, '2023-01-04 13:06:25', '2023-01-04 13:11:20'),
(78, 78, 2021, 895, 895, 2, 15, 878, '2023-01-04 13:06:25', '2023-01-04 13:11:20'),
(79, 79, 2021, 1099, 1099, 0, 0, 1099, '2023-01-04 13:06:25', '2023-01-04 13:11:20'),
(80, 80, 2021, 184, 184, 0, 1, 183, '2023-01-04 13:06:25', '2023-01-04 13:11:20'),
(81, 81, 2021, 96, 96, 0, 0, 96, '2023-01-04 13:06:25', '2023-01-04 13:11:20'),
(82, 82, 2021, 537, 537, 1, 0, 536, '2023-01-04 13:06:25', '2023-01-04 13:11:20'),
(83, 83, 2021, 1264, 1264, 1, 1, 1262, '2023-01-04 13:06:25', '2023-01-04 13:11:20'),
(84, 84, 2021, 1139, 1139, 1, 0, 1138, '2023-01-04 13:06:25', '2023-01-04 13:11:20'),
(85, 85, 2021, 1151, 1151, 1, 0, 1150, '2023-01-04 13:06:25', '2023-01-04 13:11:20'),
(86, 86, 2021, 586, 586, 0, 0, 586, '2023-01-04 13:06:25', '2023-01-04 13:11:20'),
(87, 87, 2021, 1393, 1393, 1, 0, 1392, '2023-01-04 13:06:25', '2023-01-04 13:11:20'),
(88, 88, 2021, 809, 809, 1, 0, 808, '2023-01-04 13:06:25', '2023-01-04 13:11:20'),
(89, 89, 2021, 419, 419, 0, 0, 419, '2023-01-04 13:06:25', '2023-01-04 13:11:20'),
(90, 90, 2021, 370, 370, 0, 2, 368, '2023-01-04 13:06:25', '2023-01-04 13:11:20'),
(91, 91, 2021, 377, 377, 2, 1, 374, '2023-01-04 13:06:25', '2023-01-04 13:11:20'),
(92, 92, 2021, 704, 704, 1, 0, 703, '2023-01-04 13:06:25', '2023-01-04 13:11:20'),
(93, 93, 2021, 321, 321, 2, 3, 316, '2023-01-04 13:06:25', '2023-01-04 13:11:20'),
(94, 94, 2021, 386, 386, 0, 0, 386, '2023-01-04 13:06:25', '2023-01-04 13:11:20'),
(95, 95, 2021, 335, 335, 1, 0, 334, '2023-01-04 13:06:25', '2023-01-04 13:11:20'),
(96, 96, 2021, 227, 227, 0, 0, 227, '2023-01-04 13:06:25', '2023-01-04 13:11:20'),
(97, 97, 2021, 430, 430, 0, 1, 429, '2023-01-04 13:06:25', '2023-01-04 13:11:20'),
(98, 98, 2021, 226, 226, 3, 2, 221, '2023-01-04 13:06:25', '2023-01-04 13:11:20'),
(99, 99, 2021, 437, 437, 4, 4, 429, '2023-01-04 13:06:25', '2023-01-04 13:11:20'),
(100, 100, 2021, 833, 833, 2, 1, 830, '2023-01-04 13:06:25', '2023-01-04 13:11:20'),
(101, 101, 2021, 842, 842, 0, 0, 842, '2023-01-04 13:06:25', '2023-01-04 13:11:20'),
(102, 102, 2021, 185, 185, 0, 0, 185, '2023-01-04 13:06:25', '2023-01-04 13:11:20'),
(103, 103, 2021, 150, 150, 0, 2, 148, '2023-01-04 13:06:25', '2023-01-04 13:11:20'),
(104, 104, 2021, 537, 537, 1, 1, 535, '2023-01-04 13:06:25', '2023-01-04 13:11:20'),
(105, 105, 2021, 269, 269, 1, 1, 267, '2023-01-04 13:06:25', '2023-01-04 13:11:20'),
(106, 106, 2021, 277, 277, 0, 2, 275, '2023-01-04 13:06:25', '2023-01-04 13:11:20'),
(107, 107, 2021, 420, 420, 0, 2, 418, '2023-01-04 13:06:25', '2023-01-04 13:11:20'),
(108, 108, 2021, 201, 201, 0, 3, 198, '2023-01-04 13:06:25', '2023-01-04 13:11:20'),
(109, 109, 2021, 310, 310, 0, 0, 310, '2023-01-04 13:06:25', '2023-01-04 13:11:20'),
(110, 110, 2021, 94, 94, 0, 0, 94, '2023-01-04 13:06:25', '2023-01-04 13:11:20'),
(111, 111, 2021, 67, 67, 0, 0, 67, '2023-01-04 13:06:25', '2023-01-04 13:11:20'),
(112, 112, 2021, 68, 68, 0, 0, 68, '2023-01-04 13:06:25', '2023-01-04 13:11:20'),
(113, 113, 2021, 318, 318, 0, 0, 318, '2023-01-04 13:06:25', '2023-01-04 13:11:20'),
(114, 114, 2021, 252, 252, 0, 0, 252, '2023-01-04 13:06:25', '2023-01-04 13:11:20'),
(115, 115, 2021, 248, 248, 0, 0, 248, '2023-01-04 13:06:25', '2023-01-04 13:11:20'),
(116, 116, 2021, 234, 234, 0, 0, 234, '2023-01-04 13:06:25', '2023-01-04 13:11:20'),
(117, 117, 2021, 288, 288, 0, 0, 288, '2023-01-04 13:06:25', '2023-01-04 13:11:20'),
(118, 118, 2021, 288, 288, 0, 0, 288, '2023-01-04 13:06:25', '2023-01-04 13:11:20'),
(119, 119, 2021, 219, 219, 0, 0, 219, '2023-01-04 13:06:25', '2023-01-04 13:11:20'),
(120, 120, 2021, 254, 254, 0, 0, 254, '2023-01-04 13:06:25', '2023-01-04 13:11:20'),
(121, 121, 2021, 732, 732, 0, 0, 732, '2023-01-04 13:06:25', '2023-01-04 13:11:20'),
(122, 122, 2021, 885, 885, 0, 2, 883, '2023-01-04 13:06:25', '2023-01-04 13:11:20'),
(123, 123, 2021, 1598, 1598, 0, 1, 1597, '2023-01-04 13:06:25', '2023-01-04 13:11:20'),
(124, 124, 2021, 780, 780, 0, 2, 778, '2023-01-04 13:06:25', '2023-01-04 13:11:20'),
(125, 125, 2021, 518, 518, 0, 0, 518, '2023-01-04 13:06:25', '2023-01-04 13:11:20'),
(126, 126, 2021, 830, 830, 0, 5, 825, '2023-01-04 13:06:25', '2023-01-04 13:11:20'),
(127, 127, 2021, 861, 861, 0, 0, 861, '2023-01-04 13:06:25', '2023-01-04 13:11:20'),
(128, 128, 2021, 881, 881, 0, 1, 880, '2023-01-04 13:06:25', '2023-01-04 13:11:20'),
(129, 129, 2021, 2012, 2012, 1, 1, 2010, '2023-01-04 13:06:25', '2023-01-04 13:11:20'),
(130, 130, 2021, 2099, 2099, 1, 2, 2096, '2023-01-04 13:06:25', '2023-01-04 13:11:20'),
(131, 131, 2021, 839, 839, 2, 8, 829, '2023-01-04 13:06:25', '2023-01-04 13:11:20'),
(132, 132, 2021, 1853, 1853, 2, 3, 1848, '2023-01-04 13:06:25', '2023-01-04 13:11:20'),
(133, 133, 2021, 1238, 1238, 2, 1, 1235, '2023-01-04 13:06:25', '2023-01-04 13:11:20'),
(134, 134, 2021, 1138, 1138, 12, 12, 1114, '2023-01-04 13:06:25', '2023-01-04 13:11:20'),
(135, 135, 2021, 777, 777, 0, 1, 776, '2023-01-04 13:06:25', '2023-01-04 13:11:20'),
(136, 136, 2021, 721, 721, 0, 2, 719, '2023-01-04 13:06:25', '2023-01-04 13:11:20'),
(137, 137, 2021, 1035, 1035, 8, 14, 1013, '2023-01-04 13:06:25', '2023-01-04 13:11:20'),
(138, 138, 2021, 479, 479, 0, 0, 479, '2023-01-04 13:06:25', '2023-01-04 13:11:20'),
(139, 139, 2021, 1364, 1364, 2, 5, 1357, '2023-01-04 13:06:25', '2023-01-04 13:11:20'),
(140, 140, 2021, 1461, 1461, 3, 0, 1458, '2023-01-04 13:06:25', '2023-01-04 13:11:20'),
(141, 141, 2021, 982, 982, 2, 2, 978, '2023-01-04 13:06:25', '2023-01-04 13:11:20'),
(142, 142, 2021, 619, 619, 1, 2, 616, '2023-01-04 13:06:25', '2023-01-04 13:11:20'),
(143, 143, 2021, 614, 614, 5, 7, 602, '2023-01-04 13:06:25', '2023-01-04 13:11:20'),
(144, 144, 2021, 2593, 2593, 0, 0, 2593, '2023-01-04 13:06:25', '2023-01-04 13:11:20'),
(145, 145, 2021, 1683, 1683, 0, 0, 1683, '2023-01-04 13:06:25', '2023-01-04 13:11:20'),
(146, 146, 2021, 1018, 1018, 0, 2, 1016, '2023-01-04 13:06:25', '2023-01-04 13:11:20'),
(147, 147, 2021, 1121, 1121, 0, 3, 1118, '2023-01-04 13:06:25', '2023-01-04 13:11:20'),
(148, 148, 2021, 912, 912, 1, 0, 911, '2023-01-04 13:06:25', '2023-01-04 13:11:20'),
(149, 149, 2021, 905, 905, 7, 8, 890, '2023-01-04 13:06:25', '2023-01-04 13:11:20'),
(150, 150, 2021, 732, 732, 2, 5, 725, '2023-01-04 13:06:25', '2023-01-04 13:11:20'),
(151, 151, 2021, 738, 738, 4, 2, 732, '2023-01-04 13:06:25', '2023-01-04 13:11:20'),
(152, 1, 2020, 90, 90, 0, 2, 88, '2023-01-04 17:09:41', '2023-01-04 17:09:41'),
(153, 2, 2020, 44, 44, 0, 1, 43, '2023-01-04 17:09:41', '2023-01-04 17:12:41'),
(154, 3, 2020, 68, 68, 0, 0, 68, '2023-01-04 17:09:41', '2023-01-04 17:12:41'),
(155, 4, 2020, 48, 48, 0, 3, 45, '2023-01-04 17:09:41', '2023-01-04 17:12:41'),
(156, 5, 2020, 252, 252, 0, 1, 251, '2023-01-04 17:09:41', '2023-01-04 17:12:41'),
(157, 6, 2020, 259, 259, 1, 1, 257, '2023-01-04 17:09:41', '2023-01-04 17:12:41'),
(158, 7, 2020, 1219, 1219, 0, 2, 1217, '2023-01-04 17:09:41', '2023-01-04 17:12:41'),
(159, 8, 2020, 771, 771, 0, 0, 771, '2023-01-04 17:09:41', '2023-01-04 17:12:41'),
(160, 9, 2020, 224, 224, 0, 0, 224, '2023-01-04 17:09:41', '2023-01-04 17:12:41'),
(161, 10, 2020, 357, 357, 1, 2, 354, '2023-01-04 17:09:41', '2023-01-04 17:12:41'),
(162, 11, 2020, 257, 257, 0, 0, 257, '2023-01-04 17:09:41', '2023-01-04 17:12:41'),
(163, 12, 2020, 371, 371, 0, 1, 370, '2023-01-04 17:09:41', '2023-01-04 17:12:41'),
(164, 13, 2020, 272, 272, 2, 1, 269, '2023-01-04 17:09:41', '2023-01-04 17:12:41'),
(165, 14, 2020, 95, 95, 1, 2, 92, '2023-01-04 17:09:41', '2023-01-04 17:12:41'),
(166, 15, 2020, 338, 338, 1, 3, 334, '2023-01-04 17:09:41', '2023-01-04 17:12:41'),
(167, 16, 2020, 1039, 1039, 0, 2, 1037, '2023-01-04 17:09:41', '2023-01-04 17:12:41'),
(168, 17, 2020, 1021, 1021, 0, 0, 1021, '2023-01-04 17:09:41', '2023-01-04 17:12:41'),
(169, 18, 2020, 237, 237, 0, 1, 236, '2023-01-04 17:09:41', '2023-01-04 17:12:41'),
(170, 19, 2020, 345, 345, 0, 0, 345, '2023-01-04 17:09:41', '2023-01-04 17:12:41'),
(171, 20, 2020, 450, 450, 1, 0, 449, '2023-01-04 17:09:41', '2023-01-04 17:12:41'),
(172, 21, 2020, 510, 510, 0, 0, 510, '2023-01-04 17:09:41', '2023-01-04 17:12:41'),
(173, 22, 2020, 73, 73, 0, 0, 73, '2023-01-04 17:09:41', '2023-01-04 17:12:41'),
(174, 23, 2020, 682, 682, 1, 5, 676, '2023-01-04 17:09:41', '2023-01-04 17:12:41'),
(175, 24, 2020, 1155, 1155, 0, 0, 1155, '2023-01-04 17:09:41', '2023-01-04 17:12:41'),
(176, 25, 2020, 880, 880, 0, 1, 879, '2023-01-04 17:09:41', '2023-01-04 17:12:41'),
(177, 26, 2020, 460, 460, 4, 1, 455, '2023-01-04 17:09:41', '2023-01-04 17:12:41'),
(178, 27, 2020, 132, 132, 0, 0, 132, '2023-01-04 17:09:41', '2023-01-04 17:12:41'),
(179, 28, 2020, 146, 146, 3, 1, 142, '2023-01-04 17:09:41', '2023-01-04 17:12:41'),
(180, 29, 2020, 365, 365, 0, 0, 365, '2023-01-04 17:09:41', '2023-01-04 17:12:41'),
(181, 30, 2020, 244, 244, 0, 0, 244, '2023-01-04 17:09:41', '2023-01-04 17:12:41'),
(182, 31, 2020, 248, 248, 0, 0, 248, '2023-01-04 17:09:41', '2023-01-04 17:12:41'),
(183, 32, 2020, 130, 130, 0, 0, 130, '2023-01-04 17:09:41', '2023-01-04 17:12:41'),
(184, 33, 2020, 330, 330, 0, 3, 327, '2023-01-04 17:09:41', '2023-01-04 17:12:41'),
(185, 34, 2020, 323, 323, 2, 6, 315, '2023-01-04 17:09:41', '2023-01-04 17:12:41'),
(186, 35, 2020, 297, 297, 1, 4, 292, '2023-01-04 17:09:41', '2023-01-04 17:12:41'),
(187, 36, 2020, 356, 356, 1, 2, 353, '2023-01-04 17:09:41', '2023-01-04 17:12:41'),
(188, 37, 2020, 489, 489, 0, 1, 488, '2023-01-04 17:09:41', '2023-01-04 17:12:41'),
(189, 38, 2020, 384, 384, 0, 0, 384, '2023-01-04 17:09:41', '2023-01-04 17:12:41'),
(190, 39, 2020, 305, 305, 0, 0, 305, '2023-01-04 17:09:41', '2023-01-04 17:12:41'),
(191, 40, 2020, 483, 483, 0, 0, 483, '2023-01-04 17:09:41', '2023-01-04 17:12:41'),
(192, 41, 2020, 119, 119, 0, 1, 118, '2023-01-04 17:09:41', '2023-01-04 17:12:41'),
(193, 42, 2020, 48, 48, 0, 0, 48, '2023-01-04 17:09:41', '2023-01-04 17:12:41'),
(194, 43, 2020, 80, 80, 0, 0, 80, '2023-01-04 17:09:41', '2023-01-04 17:12:41'),
(195, 44, 2020, 58, 58, 0, 0, 58, '2023-01-04 17:09:41', '2023-01-04 17:12:41'),
(196, 45, 2020, 76, 76, 0, 0, 76, '2023-01-04 17:09:41', '2023-01-04 17:12:41'),
(197, 46, 2020, 839, 839, 1, 1, 837, '2023-01-04 17:09:41', '2023-01-04 17:12:41'),
(198, 47, 2020, 136, 136, 0, 0, 136, '2023-01-04 17:09:41', '2023-01-04 17:12:41'),
(199, 48, 2020, 136, 136, 0, 1, 135, '2023-01-04 17:09:41', '2023-01-04 17:12:41'),
(200, 49, 2020, 60, 60, 0, 0, 60, '2023-01-04 17:09:41', '2023-01-04 17:12:41'),
(201, 50, 2020, 235, 235, 0, 1, 234, '2023-01-04 17:09:41', '2023-01-04 17:12:41'),
(202, 51, 2020, 150, 150, 0, 1, 149, '2023-01-04 17:09:41', '2023-01-04 17:12:41'),
(203, 52, 2020, 108, 108, 0, 1, 107, '2023-01-04 17:09:41', '2023-01-04 17:12:41'),
(204, 53, 2020, 265, 265, 3, 6, 256, '2023-01-04 17:09:41', '2023-01-04 17:12:41'),
(205, 54, 2020, 193, 193, 4, 4, 185, '2023-01-04 17:09:41', '2023-01-04 17:12:41'),
(206, 55, 2020, 74, 74, 1, 2, 71, '2023-01-04 17:09:41', '2023-01-04 17:12:41'),
(207, 56, 2020, 9, 9, 0, 1, 8, '2023-01-04 17:09:41', '2023-01-04 17:12:41'),
(208, 57, 2020, 130, 130, 1, 1, 128, '2023-01-04 17:09:41', '2023-01-04 17:12:41'),
(209, 58, 2020, 99, 99, 3, 3, 93, '2023-01-04 17:09:41', '2023-01-04 17:12:41'),
(210, 59, 2020, 742, 742, 3, 2, 737, '2023-01-04 17:09:41', '2023-01-04 17:12:41'),
(211, 60, 2020, 69, 69, 0, 0, 69, '2023-01-04 17:09:41', '2023-01-04 17:12:41'),
(212, 61, 2020, 113, 113, 0, 0, 113, '2023-01-04 17:09:41', '2023-01-04 17:12:41'),
(213, 62, 2020, 223, 223, 0, 0, 223, '2023-01-04 17:09:41', '2023-01-04 17:12:41'),
(214, 63, 2020, 1293, 1293, 1, 7, 1285, '2023-01-04 17:09:41', '2023-01-04 17:12:41'),
(215, 64, 2020, 19, 19, 0, 0, 19, '2023-01-04 17:09:41', '2023-01-04 17:12:41'),
(216, 65, 2020, 7, 7, 0, 1, 6, '2023-01-04 17:09:41', '2023-01-04 17:12:41'),
(217, 66, 2020, 29, 29, 0, 0, 29, '2023-01-04 17:09:41', '2023-01-04 17:12:41'),
(218, 67, 2020, 7, 7, 0, 0, 7, '2023-01-04 17:09:41', '2023-01-04 17:12:41'),
(219, 68, 2020, 7, 7, 0, 0, 7, '2023-01-04 17:09:41', '2023-01-04 17:12:41'),
(220, 69, 2020, 3, 3, 0, 0, 3, '2023-01-04 17:09:41', '2023-01-04 17:12:41'),
(221, 70, 2020, 182, 182, 1, 3, 178, '2023-01-04 17:09:41', '2023-01-04 17:12:41'),
(222, 71, 2020, 368, 368, 0, 3, 365, '2023-01-04 17:09:41', '2023-01-04 17:12:41'),
(223, 72, 2020, 105, 105, 0, 0, 105, '2023-01-04 17:09:41', '2023-01-04 17:12:41'),
(224, 73, 2020, 370, 370, 1, 6, 363, '2023-01-04 17:09:41', '2023-01-04 17:12:41'),
(225, 74, 2020, 86, 86, 0, 0, 86, '2023-01-04 17:09:41', '2023-01-04 17:12:41'),
(226, 75, 2020, 96, 96, 0, 0, 96, '2023-01-04 17:09:41', '2023-01-04 17:12:41'),
(227, 76, 2020, 504, 504, 3, 12, 489, '2023-01-04 17:09:41', '2023-01-04 17:12:41'),
(228, 77, 2020, 1116, 1116, 0, 3, 1113, '2023-01-04 17:09:41', '2023-01-04 17:12:41'),
(229, 78, 2020, 577, 577, 1, 4, 572, '2023-01-04 17:09:41', '2023-01-04 17:12:41'),
(230, 79, 2020, 834, 834, 0, 1, 833, '2023-01-04 17:09:41', '2023-01-04 17:12:41'),
(231, 80, 2020, 139, 139, 0, 0, 139, '2023-01-04 17:09:41', '2023-01-04 17:12:41'),
(232, 81, 2020, 72, 72, 0, 0, 72, '2023-01-04 17:09:41', '2023-01-04 17:12:41'),
(233, 82, 2020, 225, 225, 1, 0, 224, '2023-01-04 17:09:41', '2023-01-04 17:12:41'),
(234, 83, 2020, 514, 514, 3, 2, 509, '2023-01-04 17:09:41', '2023-01-04 17:12:41'),
(235, 84, 2020, 466, 466, 0, 0, 466, '2023-01-04 17:09:41', '2023-01-04 17:12:41'),
(236, 85, 2020, 483, 483, 1, 1, 481, '2023-01-04 17:09:41', '2023-01-04 17:12:41'),
(237, 86, 2020, 223, 223, 0, 0, 223, '2023-01-04 17:09:41', '2023-01-04 17:12:41'),
(238, 87, 2020, 585, 585, 0, 0, 585, '2023-01-04 17:09:41', '2023-01-04 17:12:41'),
(239, 88, 2020, 370, 370, 1, 1, 368, '2023-01-04 17:09:41', '2023-01-04 17:12:41'),
(240, 89, 2020, 141, 141, 0, 0, 141, '2023-01-04 17:09:41', '2023-01-04 17:12:41'),
(241, 90, 2020, 83, 83, 0, 2, 81, '2023-01-04 17:09:41', '2023-01-04 17:12:41'),
(242, 91, 2020, 119, 119, 2, 1, 116, '2023-01-04 17:09:41', '2023-01-04 17:12:41'),
(243, 92, 2020, 176, 176, 0, 2, 174, '2023-01-04 17:09:41', '2023-01-04 17:12:41'),
(244, 93, 2020, 205, 205, 1, 1, 203, '2023-01-04 17:09:41', '2023-01-04 17:12:41'),
(245, 94, 2020, 91, 91, 0, 0, 91, '2023-01-04 17:09:41', '2023-01-04 17:12:41'),
(246, 95, 2020, 81, 81, 1, 0, 80, '2023-01-04 17:09:41', '2023-01-04 17:12:41'),
(247, 96, 2020, 52, 52, 0, 0, 52, '2023-01-04 17:09:41', '2023-01-04 17:12:41'),
(248, 97, 2020, 157, 157, 0, 2, 155, '2023-01-04 17:09:41', '2023-01-04 17:12:41'),
(249, 98, 2020, 11, 11, 2, 2, 7, '2023-01-04 17:09:41', '2023-01-04 17:12:41'),
(250, 99, 2020, 31, 31, 5, 4, 22, '2023-01-04 17:09:41', '2023-01-04 17:12:41'),
(251, 100, 2020, 659, 659, 1, 2, 656, '2023-01-04 17:09:41', '2023-01-04 17:12:41'),
(252, 101, 2020, 635, 635, 1, 1, 633, '2023-01-04 17:09:41', '2023-01-04 17:12:41'),
(253, 102, 2020, 126, 126, 0, 0, 126, '2023-01-04 17:09:41', '2023-01-04 17:12:41'),
(254, 103, 2020, 173, 173, 0, 2, 171, '2023-01-04 17:09:41', '2023-01-04 17:12:41'),
(255, 104, 2020, 419, 419, 2, 1, 416, '2023-01-04 17:09:41', '2023-01-04 17:12:41'),
(256, 105, 2020, 229, 229, 1, 2, 226, '2023-01-04 17:09:41', '2023-01-04 17:12:41'),
(257, 106, 2020, 303, 303, 0, 1, 302, '2023-01-04 17:09:41', '2023-01-04 17:12:41'),
(258, 107, 2020, 309, 309, 0, 1, 308, '2023-01-04 17:09:41', '2023-01-04 17:12:41'),
(259, 108, 2020, 124, 124, 1, 3, 120, '2023-01-04 17:09:41', '2023-01-04 17:12:41'),
(260, 109, 2020, 188, 188, 0, 2, 186, '2023-01-04 17:09:41', '2023-01-04 17:12:41'),
(261, 110, 2020, 71, 71, 0, 0, 71, '2023-01-04 17:09:41', '2023-01-04 17:12:41'),
(262, 111, 2020, 86, 86, 0, 0, 86, '2023-01-04 17:09:41', '2023-01-04 17:12:41'),
(263, 112, 2020, 41, 41, 0, 0, 41, '2023-01-04 17:09:41', '2023-01-04 17:12:41'),
(264, 113, 2020, 9, 9, 0, 0, 9, '2023-01-04 17:09:41', '2023-01-04 17:12:41'),
(265, 114, 2020, 11, 11, 0, 0, 11, '2023-01-04 17:09:41', '2023-01-04 17:12:41'),
(266, 115, 2020, 15, 15, 0, 0, 15, '2023-01-04 17:09:41', '2023-01-04 17:12:41'),
(267, 116, 2020, 18, 18, 0, 0, 18, '2023-01-04 17:09:41', '2023-01-04 17:12:41'),
(268, 117, 2020, 18, 18, 0, 0, 18, '2023-01-04 17:09:41', '2023-01-04 17:12:41'),
(269, 118, 2020, 22, 22, 0, 0, 22, '2023-01-04 17:09:41', '2023-01-04 17:12:41'),
(270, 119, 2020, 18, 18, 0, 0, 18, '2023-01-04 17:09:41', '2023-01-04 17:12:41'),
(271, 120, 2020, 18, 18, 0, 0, 18, '2023-01-04 17:09:41', '2023-01-04 17:12:41'),
(272, 121, 2020, 20, 20, 0, 1, 19, '2023-01-04 17:09:41', '2023-01-04 17:12:41'),
(273, 122, 2020, 1233, 1233, 1, 2, 1230, '2023-01-04 17:09:41', '2023-01-04 17:12:41'),
(274, 123, 2020, 1657, 1657, 0, 2, 1655, '2023-01-04 17:09:41', '2023-01-04 17:12:41'),
(275, 124, 2020, 954, 954, 0, 1, 953, '2023-01-04 17:09:41', '2023-01-04 17:12:41'),
(276, 125, 2020, 602, 602, 0, 0, 602, '2023-01-04 17:09:41', '2023-01-04 17:12:41'),
(277, 126, 2020, 539, 539, 0, 4, 535, '2023-01-04 17:09:41', '2023-01-04 17:12:41'),
(278, 127, 2020, 566, 566, 0, 0, 566, '2023-01-04 17:09:41', '2023-01-04 17:12:41'),
(279, 128, 2020, 579, 579, 0, 1, 578, '2023-01-04 17:09:41', '2023-01-04 17:12:41'),
(280, 129, 2020, 1323, 1323, 2, 1, 1320, '2023-01-04 17:09:41', '2023-01-04 17:12:41'),
(281, 130, 2020, 1382, 1382, 2, 2, 1378, '2023-01-04 17:09:41', '2023-01-04 17:12:41'),
(282, 131, 2020, 604, 604, 5, 6, 593, '2023-01-04 17:09:41', '2023-01-04 17:12:41'),
(283, 132, 2020, 717, 717, 0, 5, 712, '2023-01-04 17:09:41', '2023-01-04 17:12:41'),
(284, 133, 2020, 621, 621, 0, 6, 615, '2023-01-04 17:09:41', '2023-01-04 17:12:41'),
(285, 134, 2020, 594, 594, 14, 28, 552, '2023-01-04 17:09:41', '2023-01-04 17:12:41'),
(286, 135, 2020, 394, 394, 0, 3, 391, '2023-01-04 17:09:41', '2023-01-04 17:12:41'),
(287, 136, 2020, 537, 537, 0, 2, 535, '2023-01-04 17:09:41', '2023-01-04 17:12:41'),
(288, 137, 2020, 151, 151, 8, 14, 129, '2023-01-04 17:09:41', '2023-01-04 17:12:41'),
(289, 138, 2020, 54, 54, 0, 0, 54, '2023-01-04 17:09:41', '2023-01-04 17:12:41'),
(290, 139, 2020, 15, 15, 2, 5, 8, '2023-01-04 17:09:41', '2023-01-04 17:12:41'),
(291, 140, 2020, 15, 15, 3, 0, 12, '2023-01-04 17:09:41', '2023-01-04 17:12:41'),
(292, 141, 2020, 1384, 1384, 1, 5, 1378, '2023-01-04 17:09:41', '2023-01-04 17:12:41'),
(293, 142, 2020, 611, 611, 1, 2, 608, '2023-01-04 17:09:41', '2023-01-04 17:12:41'),
(294, 143, 2020, 365, 365, 10, 6, 349, '2023-01-04 17:09:41', '2023-01-04 17:12:41'),
(295, 144, 2020, 2082, 2082, 0, 2, 2080, '2023-01-04 17:09:41', '2023-01-04 17:12:41'),
(296, 145, 2020, 1537, 1537, 0, 0, 1537, '2023-01-04 17:09:41', '2023-01-04 17:12:41'),
(297, 146, 2020, 1376, 1376, 0, 2, 1374, '2023-01-04 17:09:41', '2023-01-04 17:12:41'),
(298, 147, 2020, 1429, 1429, 0, 1, 1428, '2023-01-04 17:09:41', '2023-01-04 17:12:41'),
(299, 148, 2020, 1237, 1237, 0, 0, 1237, '2023-01-04 17:09:41', '2023-01-04 17:12:41'),
(300, 149, 2020, 49, 49, 9, 13, 27, '2023-01-04 17:09:41', '2023-01-04 17:12:41'),
(301, 150, 2020, 34, 34, 0, 4, 30, '2023-01-04 17:09:41', '2023-01-04 17:12:41'),
(302, 151, 2020, 44, 44, 0, 8, 36, '2023-01-04 17:09:41', '2023-01-04 17:12:41');

-- --------------------------------------------------------

--
-- Table structure for table `puskesmas`
--

CREATE TABLE `puskesmas` (
  `id_puskesmas` int(11) NOT NULL,
  `nama_upt` varchar(50) NOT NULL,
  `id_kelurahan` int(11) NOT NULL,
  `created_at` timestamp NOT NULL DEFAULT current_timestamp(),
  `updated_at` timestamp NOT NULL DEFAULT current_timestamp()
) ENGINE=MyISAM DEFAULT CHARSET=utf8mb4;

--
-- Dumping data for table `puskesmas`
--

INSERT INTO `puskesmas` (`id_puskesmas`, `nama_upt`, `id_kelurahan`, `created_at`, `updated_at`) VALUES
(1, 'UPT LADANG BAMBU', 1, '2023-01-04 11:39:53', '2023-01-04 11:39:53'),
(2, 'UPT SIDOMULYO', 2, '2023-01-04 11:39:53', '2023-01-04 12:18:23'),
(3, 'UPT LAU CIH', 3, '2023-01-04 11:39:53', '2023-01-04 11:39:53'),
(4, 'UPT NAMO GAJAH', 4, '2023-01-04 11:39:53', '2023-01-04 11:39:53'),
(5, 'UPT KEMENANGAN TANI', 5, '2023-01-04 11:39:53', '2023-01-04 11:39:53'),
(6, 'UPT TANJUNG SELAMAT', 6, '2023-01-04 11:39:53', '2023-01-04 11:39:53'),
(7, 'UPT MANGGA', 7, '2023-01-04 11:39:53', '2023-01-04 12:19:10'),
(8, 'UPT SP. SELAYANG', 8, '2023-01-04 11:39:53', '2023-01-04 12:19:10'),
(9, 'UPT SIMALINGKAR B', 9, '2023-01-04 11:39:53', '2023-01-04 12:19:10'),
(10, 'UPT KWALA BEKALA', 10, '2023-01-04 11:39:53', '2023-01-04 12:19:29'),
(11, 'UPT GEDUNG JOHOR', 11, '2023-01-04 11:39:53', '2023-01-04 12:19:29'),
(12, 'UPT PANGKALAN MASYHUR', 12, '2023-01-04 11:39:53', '2023-01-04 12:19:29'),
(13, 'UPT SUKA MAJU', 13, '2023-01-04 11:39:53', '2023-01-04 12:19:39'),
(14, 'UPT KEDAI DURIAN', 14, '2023-01-04 11:39:53', '2023-01-04 12:19:39'),
(15, 'UPT TITI KUNING', 15, '2023-01-04 11:39:53', '2023-01-04 12:19:39'),
(16, 'UPT HARJOSARI I', 16, '2023-01-04 11:39:53', '2023-01-04 12:19:52'),
(17, 'UPT HARJOSARI II', 17, '2023-01-04 11:39:53', '2023-01-04 12:19:52'),
(18, 'UPT SITIREJO II', 18, '2023-01-04 11:39:53', '2023-01-04 12:19:52'),
(19, 'UPT SITIREJO III', 19, '2023-01-04 11:39:53', '2023-01-04 12:19:52'),
(20, 'UPT AMPLAS', 20, '2023-01-04 11:39:53', '2023-01-04 12:19:52'),
(21, 'UPT T. DELI ', 21, '2023-01-04 11:39:53', '2023-01-04 12:19:52'),
(22, 'UPT B. MULIA', 22, '2023-01-04 11:39:53', '2023-01-04 12:19:52'),
(23, 'UPT BINJAI', 23, '2023-01-04 11:39:53', '2023-01-04 12:20:26'),
(24, 'UPT DENAI', 24, '2023-01-04 11:39:53', '2023-01-04 12:20:43'),
(25, 'UPT MENTENG', 25, '2023-01-04 11:39:53', '2023-01-04 12:20:43'),
(26, 'UPT TEGAL SARI MANDALA II', 26, '2023-01-04 11:39:53', '2023-01-04 12:20:50'),
(27, 'UPT TEGAL SARI MANDAALA I', 27, '2023-01-04 11:39:53', '2023-01-04 12:20:58'),
(28, 'UPT TEGAL SARI MANDAALA III', 28, '2023-01-04 11:39:53', '2023-01-04 12:20:58'),
(29, 'UPT KOTAMATSUM I', 29, '2023-01-04 11:39:53', '2023-01-04 12:21:05'),
(30, 'UPT KOTAMATSUM II', 30, '2023-01-04 11:39:53', '2023-01-04 12:21:05'),
(31, 'UPT KOTAMATSUM IV', 31, '2023-01-04 11:39:53', '2023-01-04 12:21:05'),
(32, 'UPT SEI RENGAS PERMATA', 32, '2023-01-04 11:39:53', '2023-01-04 12:21:05'),
(33, 'UPT Tegal Sari I', 33, '2023-01-04 11:39:53', '2023-01-04 12:21:13'),
(34, 'UPT Tegal Sari III', 34, '2023-01-04 11:39:53', '2023-01-04 12:21:13'),
(35, 'UPT Tegal Sari II', 35, '2023-01-04 11:39:53', '2023-01-04 12:21:13'),
(36, 'UPT Pasar Merah Timur', 36, '2023-01-04 11:39:53', '2023-01-04 12:21:13'),
(37, 'UPT Sukaramai I', 37, '2023-01-04 11:39:53', '2023-01-04 12:21:22'),
(38, 'UPT Sukaramai II', 38, '2023-01-04 11:39:53', '2023-01-04 12:21:22'),
(39, 'UPT Sei Rengas II', 39, '2023-01-04 11:39:53', '2023-01-04 12:21:22'),
(40, 'UPT Pandau Hulu II', 40, '2023-01-04 11:39:53', '2023-01-04 12:21:22'),
(41, 'UPT TELADAN BARAT', 41, '2023-01-04 11:39:53', '2023-01-04 12:21:31'),
(42, 'UPT MASJID', 42, '2023-01-04 11:39:53', '2023-01-04 12:21:31'),
(43, 'UPT PASAR BARU', 43, '2023-01-04 11:39:53', '2023-01-04 12:21:31'),
(44, 'UPT PUSAT PASAR', 44, '2023-01-04 11:39:53', '2023-01-04 12:21:31'),
(45, 'UPT PANDAU HULU I', 45, '2023-01-04 11:39:53', '2023-01-04 12:21:31'),
(46, 'UPT TELADAN TIMUR', 46, '2023-01-04 11:39:53', '2023-01-04 12:21:39'),
(47, 'UPT KOMAT II', 47, '2023-01-04 11:39:53', '2023-01-04 12:21:39'),
(48, 'UPT PASAR MERAH BARAT', 48, '2023-01-04 11:39:53', '2023-01-04 12:21:39'),
(49, 'UPT SEI RENGGAS I', 49, '2023-01-04 11:39:53', '2023-01-04 12:21:39'),
(50, 'UPT SUDIREJO I', 50, '2023-01-04 11:39:53', '2023-01-04 12:21:46'),
(51, 'UPT SUDIREJO II', 51, '2023-01-04 11:39:53', '2023-01-04 12:21:46'),
(52, 'UPT SITIREJO I', 52, '2023-01-04 11:39:53', '2023-01-04 12:21:46'),
(53, 'UPT KAMPUNG BARU', 53, '2023-01-04 11:39:53', '2023-01-04 12:21:53'),
(54, 'UPT SEIMATI', 54, '2023-01-04 11:39:53', '2023-01-04 12:21:53'),
(55, 'UPT SUKARAJA', 55, '2023-01-04 11:39:53', '2023-01-04 12:21:53'),
(56, 'UPT JATI', 56, '2023-01-04 11:39:53', '2023-01-04 12:21:53'),
(57, 'UPT HAMDAN', 57, '2023-01-04 11:39:53', '2023-01-04 12:21:53'),
(58, 'UPT AUR', 58, '2023-01-04 11:39:53', '2023-01-04 12:21:53'),
(59, 'UPT POLONIA', 59, '2023-01-04 11:39:53', '2023-01-04 12:22:01'),
(60, 'UPT ANGGRUNG', 60, '2023-01-04 11:39:53', '2023-01-04 12:22:01'),
(61, 'UPT MADRAS HULU', 61, '2023-01-04 11:39:53', '2023-01-04 12:22:01'),
(62, 'UPT SUKA DAMAI', 62, '2023-01-04 11:39:53', '2023-01-04 12:22:01'),
(63, 'UPT SARI REJO', 63, '2023-01-04 11:39:53', '2023-01-04 12:22:01'),
(64, 'UPT TITI RANTE', 64, '2023-01-04 11:39:53', '2023-01-04 12:22:15'),
(65, 'UPT PADANG BULAN', 65, '2023-01-04 11:39:53', '2023-01-04 12:22:15'),
(66, 'UPT MERDEKA', 66, '2023-01-04 11:39:53', '2023-01-04 12:22:15'),
(67, 'UPT BABURA', 67, '2023-01-04 11:39:53', '2023-01-04 12:22:15'),
(68, 'UPT PETISAH HULU', 68, '2023-01-04 11:39:53', '2023-01-04 12:22:15'),
(69, 'UPT DARAT', 69, '2023-01-04 11:39:53', '2023-01-04 12:22:15'),
(70, 'UPT ASAM KUMBANG', 70, '2023-01-04 11:39:53', '2023-01-04 12:22:24'),
(71, 'UPT TANJUNG SARI', 71, '2023-01-04 11:39:53', '2023-01-04 12:22:24'),
(72, 'UPT PB. SELAYANG 1', 72, '2023-01-04 11:39:53', '2023-01-04 12:22:24'),
(73, 'UPT PB. SELAYANG 2', 73, '2023-01-04 11:39:53', '2023-01-04 12:22:24'),
(74, 'UPT BERINGIN', 74, '2023-01-04 11:39:53', '2023-01-04 12:22:24'),
(75, 'UPT SEMPAKATA', 75, '2023-01-04 11:39:53', '2023-01-04 12:22:24'),
(76, 'UPT LALANG', 76, '2023-01-04 11:39:53', '2023-01-04 12:22:31'),
(77, 'UPT SEI SIKAMBING B', 77, '2023-01-04 11:39:53', '2023-01-04 12:22:31'),
(78, 'UPT KELURAHAN SUNGGAL', 78, '2023-01-04 11:39:53', '2023-01-04 12:22:39'),
(79, 'UPT TJ REJO', 79, '2023-01-04 11:39:53', '2023-01-04 12:22:39'),
(80, 'UPT BABURA', 80, '2023-01-04 11:39:53', '2023-01-04 12:22:39'),
(81, 'UPT SIMPANG TANJUNG', 81, '2023-01-04 11:39:53', '2023-01-04 12:22:39'),
(82, 'UPT HELVETIA', 82, '2023-01-04 11:39:53', '2023-01-04 12:22:48'),
(83, 'UPT HELVETIA TENGAH', 83, '2023-01-04 11:39:53', '2023-01-04 12:22:48'),
(84, 'UPT HELVETIA TIMUR', 84, '2023-01-04 11:39:53', '2023-01-04 12:22:48'),
(85, 'UPT DWIKORA', 85, '2023-01-04 11:39:53', '2023-01-04 12:22:48'),
(86, 'UPT SSC II', 86, '2023-01-04 11:39:53', '2023-01-04 12:22:48'),
(87, 'UPT TANJUNG GUSTA', 87, '2023-01-04 11:39:53', '2023-01-04 12:22:48'),
(88, 'UPT CINTA DAMAI', 88, '2023-01-04 11:39:53', '2023-01-04 12:22:48'),
(89, 'UPT PETISAH TENGAH', 89, '2023-01-04 11:39:53', '2023-01-04 12:22:55'),
(90, 'UPT SEKIP', 90, '2023-01-04 11:39:53', '2023-01-04 12:22:55'),
(91, 'UPT SEI PUTIH TIMUR I', 91, '2023-01-04 11:39:53', '2023-01-04 12:22:55'),
(92, 'UPT SEI SIKAMBING D', 92, '2023-01-04 11:39:53', '2023-01-04 12:23:02'),
(93, 'UPT SEI PUTIH BARAT', 93, '2023-01-04 11:39:53', '2023-01-04 12:23:02'),
(94, 'UPT SEI PUTIH TENGAH', 94, '2023-01-04 11:39:53', '2023-01-04 12:23:07'),
(95, 'UPT SEI PUTIH TIMUR II', 95, '2023-01-04 11:39:53', '2023-01-04 12:23:07'),
(96, 'UPT KESAWAN', 96, '2023-01-04 11:39:53', '2023-01-04 12:23:13'),
(97, 'UPT SILALAS', 97, '2023-01-04 11:39:53', '2023-01-04 12:23:13'),
(98, 'UPT GLUGUR KOTA', 98, '2023-01-04 11:39:53', '2023-01-04 12:23:19'),
(99, 'UPT PULO BRAYAN KOTA', 99, '2023-01-04 11:39:53', '2023-01-04 12:23:19'),
(100, 'UPT KARANG BEROMBAK', 100, '2023-01-04 11:39:53', '2023-01-04 12:23:25'),
(101, 'UPT SEI AGUL', 101, '2023-01-04 11:39:53', '2023-01-04 12:23:25'),
(102, 'UPT GLUGUR DARAT I', 102, '2023-01-04 11:39:53', '2023-01-04 12:23:35'),
(103, 'UPT GLUGUR DARAT II', 103, '2023-01-04 11:39:53', '2023-01-04 12:23:35'),
(104, 'UPT PBD I', 104, '2023-01-04 11:39:53', '2023-01-04 12:23:35'),
(105, 'UPT PBD II', 105, '2023-01-04 11:39:53', '2023-01-04 12:23:35'),
(106, 'UPT P.B. BENGKEL', 106, '2023-01-04 11:39:53', '2023-01-04 12:23:35'),
(107, 'UPT P.B.B. BARU', 107, '2023-01-04 11:39:53', '2023-01-04 12:23:35'),
(108, 'UPT DURIAN', 108, '2023-01-04 11:39:53', '2023-01-04 12:23:35'),
(109, 'UPT GAHARU', 109, '2023-01-04 11:39:53', '2023-01-04 12:23:35'),
(110, 'UPT SIDODADI', 110, '2023-01-04 11:39:53', '2023-01-04 12:23:35'),
(111, 'UPT PERINTIS', 111, '2023-01-04 11:39:53', '2023-01-04 12:23:35'),
(112, 'UPT GANG BUNTU', 112, '2023-01-04 11:39:53', '2023-01-04 12:23:35'),
(113, 'UPT SEI KERA HILIR I', 113, '2023-01-04 11:39:53', '2023-01-04 12:23:48'),
(114, 'UPT SEI KERA HILIR II', 114, '2023-01-04 11:39:53', '2023-01-04 12:23:48'),
(115, 'UPT SEI KERA HULU', 115, '2023-01-04 11:39:53', '2023-01-04 12:23:48'),
(116, 'UPT PAHLAWAN', 116, '2023-01-04 11:39:53', '2023-01-04 12:23:48'),
(117, 'UPT SIDORAME BARAT I', 117, '2023-01-04 11:39:53', '2023-01-04 12:23:48'),
(118, 'UPT SIDORAME BARAT II', 118, '2023-01-04 11:39:53', '2023-01-04 12:23:48'),
(119, 'UPT PANDAU HILIR', 119, '2023-01-04 11:39:53', '2023-01-04 12:23:48'),
(120, 'UPT SIDORAME TIMUR', 120, '2023-01-04 11:39:53', '2023-01-04 12:23:48'),
(121, 'UPT TEGAL REJO', 121, '2023-01-04 11:39:53', '2023-01-04 12:23:48'),
(122, 'UPT BANDAR SELAMAT', 122, '2023-01-04 11:39:53', '2023-01-04 12:23:55'),
(123, 'UPT BANTAN', 123, '2023-01-04 11:39:53', '2023-01-04 12:23:55'),
(124, 'UPT BANTAN TIMUR', 124, '2023-01-04 11:39:53', '2023-01-04 12:23:55'),
(125, 'UPT TEMBUNG', 125, '2023-01-04 11:39:53', '2023-01-04 12:23:55'),
(126, 'UPT SIDOREJO', 126, '2023-01-04 11:39:53', '2023-01-04 12:24:02'),
(127, 'UPT SIDOREJO HILIR', 127, '2023-01-04 11:39:53', '2023-01-04 12:24:02'),
(128, 'UPT INDRA KASIH', 128, '2023-01-04 11:39:53', '2023-01-04 12:24:02'),
(129, 'UPT TANJUNG MULIA', 129, '2023-01-04 11:39:53', '2023-01-04 12:24:09'),
(130, 'UPT TANJUNG MULIA HILIR', 130, '2023-01-04 11:39:53', '2023-01-04 12:24:09'),
(131, 'UPT KOTA BANGUN', 131, '2023-01-04 11:39:53', '2023-01-04 12:24:09'),
(132, 'UPT MABAR', 132, '2023-01-04 11:39:53', '2023-01-04 12:24:20'),
(133, 'UPT MABAR HILIR', 133, '2023-01-04 11:39:53', '2023-01-04 12:24:20'),
(134, 'UPT TITI PAPAN', 134, '2023-01-04 11:39:53', '2023-01-04 12:24:20'),
(135, 'UPT MARTUBUNG', 135, '2023-01-04 11:39:53', '2023-01-04 12:24:25'),
(136, 'UPT SEI MATI', 136, '2023-01-04 11:39:53', '2023-01-04 12:24:25'),
(137, 'UPT PEKAN LABUHAN', 137, '2023-01-04 11:39:53', '2023-01-04 12:24:44'),
(138, 'UPT NELAYAN INDAH', 138, '2023-01-04 11:39:53', '2023-01-04 12:24:44'),
(139, 'UPT BESAR', 139, '2023-01-04 11:39:53', '2023-01-04 12:24:51'),
(140, 'UPT TANGKAHAN', 140, '2023-01-04 11:39:53', '2023-01-04 12:24:51'),
(141, 'UPT TERJUN', 141, '2023-01-04 11:39:53', '2023-01-04 12:24:58'),
(142, 'UPT PAYAH PASIR', 142, '2023-01-04 11:39:53', '2023-01-04 12:24:58'),
(143, 'UPT LABUHAN DELI', 143, '2023-01-04 11:39:53', '2023-01-04 12:24:58'),
(144, 'UPT RENGAS PULAU', 144, '2023-01-04 11:39:53', '2023-01-04 12:25:04'),
(145, 'UPT TANAH 600', 145, '2023-01-04 11:39:53', '2023-01-04 12:25:04'),
(146, 'UPT BELAWAN I', 146, '2023-01-04 11:39:53', '2023-01-04 12:25:10'),
(147, 'UPT BELAWAN II', 147, '2023-01-04 11:39:53', '2023-01-04 12:25:10'),
(148, 'UPT BAGAN DELI', 148, '2023-01-04 11:39:53', '2023-01-04 12:25:10'),
(149, 'UPT BELAWAN SICANANG', 149, '2023-01-04 11:39:53', '2023-01-04 12:25:17'),
(150, 'UPT BELAWAN BAHAGIA', 150, '2023-01-04 11:39:53', '2023-01-04 12:25:17'),
(151, 'UPT BELAWAN BAHARI', 151, '2023-01-04 11:39:53', '2023-01-04 12:25:17');

-- --------------------------------------------------------

--
-- Table structure for table `register`
--

CREATE TABLE `register` (
  `id_register` int(11) NOT NULL,
  `email` varchar(100) NOT NULL,
  `file` varchar(100) NOT NULL,
  `created_at` timestamp NOT NULL DEFAULT current_timestamp(),
  `updated_at` timestamp NOT NULL DEFAULT current_timestamp()
) ENGINE=MyISAM DEFAULT CHARSET=utf8mb4;

--
-- Dumping data for table `register`
--

INSERT INTO `register` (`id_register`, `email`, `file`, `created_at`, `updated_at`) VALUES
(1, 'ladanglimau@gmail.com', 'surat_tugas_ladang_limau.pdf', '2023-01-12 21:58:26', '2023-01-12 21:58:26'),
(2, 'silvi@gmail.com', 'surat_silvi', '2023-01-12 22:59:32', '2023-01-12 22:59:32');

-- --------------------------------------------------------

--
-- Table structure for table `users`
--

CREATE TABLE `users` (
  `id` int(11) NOT NULL,
  `name` varchar(50) COLLATE utf8mb4_unicode_ci NOT NULL,
  `email` varchar(100) COLLATE utf8mb4_unicode_ci NOT NULL,
  `password` varchar(255) COLLATE utf8mb4_unicode_ci NOT NULL,
  `level` enum('Admin','Puskesmas') COLLATE utf8mb4_unicode_ci NOT NULL DEFAULT 'Puskesmas',
  `id_puskesmas` int(11) NOT NULL,
  `created_at` timestamp NULL DEFAULT NULL,
  `updated_at` timestamp NULL DEFAULT NULL
) ENGINE=MyISAM DEFAULT CHARSET=utf8mb4 COLLATE=utf8mb4_unicode_ci;

--
-- Dumping data for table `users`
--

INSERT INTO `users` (`id`, `name`, `email`, `password`, `level`, `id_puskesmas`, `created_at`, `updated_at`) VALUES
(1, 'admin', 'admin@gmail.com', '$2y$10$M3dVyX7yWATpIncYch80gOTF8pws0QFLaFm4HT938lhrlJFZiHEg2', 'Admin', 0, NULL, '2023-01-04 21:39:04'),
(2, 'operator', 'operator@gmail.com', '$2y$10$sgvtaF20XIR4aH/XLvdNAelJV8.7POloXnlD4vCPV.q7jzJHWW0qG', 'Admin', 0, NULL, '2022-06-10 09:56:32'),
(75, 'upt kotamatsum iv', 'upt_kotamatsum_iv@gmail.com', '$2y$10$RU9QGEdoOht3VxG67pYb4eHzHQ9WryqEnrgMRXKX.RuqFDG1SY5tW', 'Puskesmas', 31, NULL, NULL),
(74, 'upt kotamatsum ii', 'upt_kotamatsum_ii@gmail.com', '$2y$10$2fL5n3cR04XeBcCscD39oeONFIUxIjZagPq/TCJwirWUW3xBvOJU.', 'Puskesmas', 30, NULL, NULL),
(73, 'upt kotamatsum i', 'upt_kotamatsum_i@gmail.com', '$2y$10$yVgEA9dz2Hytmln2zgWWJ.OU9TDkcIKpjIky0ONM5zixEH0Q1qOKG', 'Puskesmas', 29, NULL, NULL),
(72, 'upt tegal sari mandaala iii', 'upt_tegal_sari_mandaala_iii@gmail.com', '$2y$10$OgRT5cZ1WcZ9Q1RuslmyPO8AoyoR3a4iLhnQdE7qsav5/1.ZWLjNG', 'Puskesmas', 28, NULL, NULL),
(71, 'upt tegal sari mandaala i', 'upt_tegal_sari_mandaala_i@gmail.com', '$2y$10$Y7HnDzkspigv.wCV8rH7m.y.8bnzakK3gRBabWSWuXdSDQtSz012W', 'Puskesmas', 27, NULL, NULL),
(70, 'upt tegal sari mandala ii', 'upt_tegal_sari_mandala_ii@gmail.com', '$2y$10$qlJQX7q1YBp9SOQC99S7e.1RJRlz49Lk/QyPOlgur4iyyvMYRiy7i', 'Puskesmas', 26, NULL, NULL),
(69, 'upt menteng', 'upt_menteng@gmail.com', '$2y$10$tAHoH0ZRJjXH/O6dXPpGqOfMa9tdga2qd0gr2Hv3pSiGCruQNALzu', 'Puskesmas', 25, NULL, NULL),
(68, 'upt denai', 'upt_denai@gmail.com', '$2y$10$0PU3y5nsj/MV9aHDww/azeOSSOOE99pkhR.IlvQVmoe6qQzjLDmr6', 'Puskesmas', 24, NULL, NULL),
(67, 'upt binjai', 'upt_binjai@gmail.com', '$2y$10$TTEIOD5nSTbG5WB25T8aY.8.zina3YmvhYrWH26bBJeAJ4tOKgoyq', 'Puskesmas', 23, NULL, NULL),
(66, 'upt b. mulia', 'upt_b._mulia@gmail.com', '$2y$10$3x3iJmYqz6P61x6lSv.i6O.inRiYpRd7AGyxOWVZva9Y3EwUmmKjy', 'Puskesmas', 22, NULL, NULL),
(65, 'upt t. deli ', 'upt_t._deli_@gmail.com', '$2y$10$XChOxnH6PrUrT109DDWj/uU8IZtNo1JOy0pCpXDSV3f.0R1Es8BvG', 'Puskesmas', 21, NULL, NULL),
(64, 'upt amplas', 'upt_amplas@gmail.com', '$2y$10$7gjnWw8H5sNTMcPSZARV4OCkXV.XoWYroRSzNXfX9FIFscmpZTD6y', 'Puskesmas', 20, NULL, NULL),
(63, 'upt sitirejo iii', 'upt_sitirejo_iii@gmail.com', '$2y$10$zwwRXLG9rqJBEfIdHbo.EOzU1YSZA726XxGqh7cs5Af088NeM8ZMu', 'Puskesmas', 19, NULL, NULL),
(62, 'upt sitirejo ii', 'upt_sitirejo_ii@gmail.com', '$2y$10$TN3iRO6NWDxxqrvF3F40WeRwMCKCtK0avmRYEtBnENsoaI.S0y4Rm', 'Puskesmas', 18, NULL, NULL),
(61, 'upt harjosari ii', 'upt_harjosari_ii@gmail.com', '$2y$10$J0mBlXHqvD7NS/CBoxO9QeQKc/9R5mdFqQn2Q5OTOcLO2Xz5sf6GK', 'Puskesmas', 17, NULL, NULL),
(60, 'upt harjosari i', 'upt_harjosari_i@gmail.com', '$2y$10$bIAOq1BY0DTxAqx9lZPzQuYl/LwwYrCb9ibfc4EyEHeu0yeYN33NG', 'Puskesmas', 16, NULL, NULL),
(59, 'upt titi kuning', 'upt_titi_kuning@gmail.com', '$2y$10$NWMTB57gGHfrQ5B8/d.3l.raA3QDiayoB3CBeVwZ.BsjLeutvVfLC', 'Puskesmas', 15, NULL, NULL),
(58, 'upt kedai durian', 'upt_kedai_durian@gmail.com', '$2y$10$maJOIHXa5LO4r9uwsE4CseRUm.n6mzL8K3NDS7i46gCccgkk0Bzju', 'Puskesmas', 14, NULL, NULL),
(57, 'upt suka maju', 'upt_suka_maju@gmail.com', '$2y$10$xOAJRvN2uAur0BChV5n2MutHcOJLFALeoe8sx8Hyb4lD3mq.qm7Um', 'Puskesmas', 13, NULL, NULL),
(56, 'upt pangkalan masyhur', 'upt_pangkalan_masyhur@gmail.com', '$2y$10$ZrkluhnjxUSd35HndQlfIOPK2BdpbvQdZp2MvQ9YlQf0N4l0CGOjy', 'Puskesmas', 12, NULL, NULL),
(55, 'upt gedung johor', 'upt_gedung_johor@gmail.com', '$2y$10$3f9wVjXKe4dbMTBm0.G2X..IDvKkKYCIKf4QVaZQg2MsB7N2O6EuO', 'Puskesmas', 11, NULL, NULL),
(54, 'upt kwala bekala', 'upt_kwala_bekala@gmail.com', '$2y$10$qNhf2Sqa1rvgWWvZ/4QUBu6UkVRssXAWytcqc1R1CaXZmU7EYMCGm', 'Puskesmas', 10, NULL, NULL),
(53, 'upt simalingkar b', 'upt_simalingkar_b@gmail.com', '$2y$10$62qDwML2mobUnPxZdPuMt.HDAXhGNqttk6vNZgmNBLaRFULVA2zuu', 'Puskesmas', 9, NULL, NULL),
(52, 'upt sp. selayang', 'upt_sp._selayang@gmail.com', '$2y$10$nlMxlEuwyGHn.stimGYd4uZgJtmhCbR875mjuoOb49PXrTa2.fw7a', 'Puskesmas', 8, NULL, NULL),
(51, 'upt mangga', 'upt_mangga@gmail.com', '$2y$10$erM3OCwaLFJ9XfCBmuhtjOB5/0jpwEkOUTGj2XkqWA/luJBRpHm66', 'Puskesmas', 7, NULL, NULL),
(50, 'upt tanjung selamat', 'upt_tanjung_selamat@gmail.com', '$2y$10$sI5azy9eg8qZfToCDgR6MOzUlJ4bNJ.PeaV/XU.vj3pgE0ru0lDXq', 'Puskesmas', 6, NULL, NULL),
(49, 'upt kemenangan tani', 'upt_kemenangan_tani@gmail.com', '$2y$10$NV1oWGT1NP0YrFiPvtbbPued34squioJm3cJK4QvImhZahrcnAm5q', 'Puskesmas', 5, NULL, NULL),
(48, 'upt namo gajah', 'upt_namo_gajah@gmail.com', '$2y$10$CPePJCZ28MLqE/aDWo8p6e3HsRxfJtQ1pNfM.DTYWWmQtBIfnDdva', 'Puskesmas', 4, NULL, NULL),
(47, 'upt lau cih', 'upt_lau_cih@gmail.com', '$2y$10$gX65vuh5irTmNk0E8Y0z1.B3WdYd1YGhoabCQZaAd2A1TAKLHSX5S', 'Puskesmas', 3, NULL, NULL),
(45, 'upt ladang bambu', 'upt_ladang_bambu@gmail.com', '$2y$10$xAcD7ADKANapVZDPNpQR.ecY3wjnUXevqxVvvbDXIpLTzBLtaxR4O', 'Puskesmas', 1, NULL, NULL),
(46, 'upt sidomulyo', 'upt_sidomulyo@gmail.com', '$2y$10$TnNcib3gCRETegYQ1DhOVeIUYxUCInMJbFK8qqgvv4p01mzlii.Me', 'Puskesmas', 2, NULL, NULL),
(76, 'upt sei rengas permata', 'upt_sei_rengas_permata@gmail.com', '$2y$10$iWFH2T382ZpoBR9twGfBOOZutrGGGdtArxQ3ZyCxAOmU4w7ErKY3i', 'Puskesmas', 32, NULL, NULL),
(77, 'upt tegal sari i', 'upt_tegal_sari_i@gmail.com', '$2y$10$nUyRqfJSgSp8MuU2oMfd8OFGBjze3ZDrDR49wGGLBzQjQGM0ToVs2', 'Puskesmas', 33, NULL, NULL),
(78, 'upt tegal sari iii', 'upt_tegal_sari_iii@gmail.com', '$2y$10$g78q/XNHGpBGAZofOCuvTO6kGdLCW4qKm0shsr8lujeAuTYLfjAE.', 'Puskesmas', 34, NULL, NULL),
(79, 'upt tegal sari ii', 'upt_tegal_sari_ii@gmail.com', '$2y$10$vjsqQv2jBLFgTEuJUfKVvuob9C2zWMBPWfhSQROCRi9siJkMfAoOS', 'Puskesmas', 35, NULL, NULL),
(80, 'upt pasar merah timur', 'upt_pasar_merah_timur@gmail.com', '$2y$10$3Vo6.ixUQTDW3eMHUcUSSuG8.XP971B7kdJsFswJin8D4j4F6keb2', 'Puskesmas', 36, NULL, NULL),
(81, 'upt sukaramai i', 'upt_sukaramai_i@gmail.com', '$2y$10$cGTKu4J91YEu.4z9jPDqTuOs5iDnau1gNafFjRTuglbBKfSyiU0la', 'Puskesmas', 37, NULL, NULL),
(82, 'upt sukaramai ii', 'upt_sukaramai_ii@gmail.com', '$2y$10$czWzO1i.A0gTIliV/Exno.NYqshgTYnauR2r079SQbN.mPV29oLMu', 'Puskesmas', 38, NULL, NULL),
(83, 'upt sei rengas ii', 'upt_sei_rengas_ii@gmail.com', '$2y$10$/g6nyRnezwReBSBVmUlgGu5aDcy.x4LuR1h7hx4KYkt/rQhNXTs.e', 'Puskesmas', 39, NULL, NULL),
(84, 'upt pandau hulu ii', 'upt_pandau_hulu_ii@gmail.com', '$2y$10$INtIAKrGPIknTXg3QwcUEOt8nYHjdkS4EWcn6ovq4ub0IDyDxd4v6', 'Puskesmas', 40, NULL, NULL),
(85, 'upt teladan barat', 'upt_teladan_barat@gmail.com', '$2y$10$67DF.9bfeIqzPPMPrDJYvuAFgp0yxD.m/s7HF1VSPotkgGqIrZDVa', 'Puskesmas', 41, NULL, NULL),
(86, 'upt masjid', 'upt_masjid@gmail.com', '$2y$10$z.zB.8Olrjo6iT/5yYgRYu2xsn2dj.flVgJ9O7JiyoAZL1A88dkyi', 'Puskesmas', 42, NULL, NULL),
(87, 'upt pasar baru', 'upt_pasar_baru@gmail.com', '$2y$10$JbmBmuNAgDsa30pxXqY7b.kP/PKKdQ5QMWk9gpzTE/X6NwtnhkXZ6', 'Puskesmas', 43, NULL, NULL),
(88, 'upt pusat pasar', 'upt_pusat_pasar@gmail.com', '$2y$10$FLQleBtLtU0Mm2eGrrZATeIGUgaSlkfmolS/.7jFN1OwFY9pmy/Wu', 'Puskesmas', 44, NULL, NULL),
(89, 'upt pandau hulu i', 'upt_pandau_hulu_i@gmail.com', '$2y$10$7VPYa7I5HU2MxuI.gjs4IeX37aXGle/7BYxWjzLU7ER59AaaWLVGO', 'Puskesmas', 45, NULL, NULL),
(90, 'upt teladan timur', 'upt_teladan_timur@gmail.com', '$2y$10$6PzShfdpbTffMbYT9j/pRe/Je7OYeQMOQRwXJlhkNQ5jIu3zJGqcS', 'Puskesmas', 46, NULL, NULL),
(91, 'upt komat ii', 'upt_komat_ii@gmail.com', '$2y$10$AnO4I44mGrR.zjAwsIipheD7tYjS9DF1LfquaeAurlRTXS8861ym.', 'Puskesmas', 47, NULL, NULL),
(92, 'upt pasar merah barat', 'upt_pasar_merah_barat@gmail.com', '$2y$10$lMGzG9ncRNHIE0H1td/VQuHcnHgZgcF3OR3IFC2KrAqmAcToeFAT.', 'Puskesmas', 48, NULL, NULL),
(93, 'upt sei renggas i', 'upt_sei_renggas_i@gmail.com', '$2y$10$aYxhcjYnOFSRr2HcoEuWTeBKSNBiZYwtAFH8hwt8h6TPQs6LMWwVq', 'Puskesmas', 49, NULL, NULL),
(94, 'upt sudirejo i', 'upt_sudirejo_i@gmail.com', '$2y$10$szvnDbiLr/Y0.5JvI98t2.fKXiHFerCiCtvRCfH0QMpuhWV2CFqCq', 'Puskesmas', 50, NULL, NULL),
(95, 'upt sudirejo ii', 'upt_sudirejo_ii@gmail.com', '$2y$10$OUWD29aWQTDqQvnghRBD/uOsDHps50ZL4VBViwoDcjmU.wmJ4GtHe', 'Puskesmas', 51, NULL, NULL),
(96, 'upt sitirejo i', 'upt_sitirejo_i@gmail.com', '$2y$10$tyLNNeDBtrf4.II6Xxsu9eJmhwXY8aIbcBW9JaZhNdhulhXjWpCz.', 'Puskesmas', 52, NULL, NULL),
(97, 'upt kampung baru', 'upt_kampung_baru@gmail.com', '$2y$10$7hubk/bDjzYXYv1X7j8ZWejY.NXHTs2w1F8OTOomNRlXGQxUBuAYa', 'Puskesmas', 53, NULL, NULL),
(98, 'upt seimati', 'upt_seimati@gmail.com', '$2y$10$m95AIHS4GiEeyiM1Apa57OFCGWv3OIqm85boTBfHs7p4ox1Gsd5..', 'Puskesmas', 54, NULL, NULL),
(99, 'upt sukaraja', 'upt_sukaraja@gmail.com', '$2y$10$MJJ6cjdnhV6OsN3ldpbc1.QSfV9Fw19Xwmef28mrj6BCEMnq5uDhG', 'Puskesmas', 55, NULL, NULL),
(100, 'upt jati', 'upt_jati@gmail.com', '$2y$10$/eFD3cxHQGguTDqA5SLFg.PkYzANWpc6E13k/Co9Bs7KSrRBSkVji', 'Puskesmas', 56, NULL, NULL),
(101, 'upt hamdan', 'upt_hamdan@gmail.com', '$2y$10$n9kGTa8yIqKPYHft0KGmz.IpaA9z87HY9RRqKWNnY//ZY/ZRy72ii', 'Puskesmas', 57, NULL, NULL),
(102, 'upt aur', 'upt_aur@gmail.com', '$2y$10$VrVlsJnc1rSzxWZH85Y6EOsVMBW1BCrgRsCIko/0mD9CYgieglwHi', 'Puskesmas', 58, NULL, NULL),
(103, 'upt polonia', 'upt_polonia@gmail.com', '$2y$10$cDhAKv0TDIRVQe6j5NeDtOLShxQPwr2G.929HJPlRHhcbkr41FFVa', 'Puskesmas', 59, NULL, NULL),
(104, 'upt anggrung', 'upt_anggrung@gmail.com', '$2y$10$ySi.HYBpRWP8OgG6hOF26.k2AjMGPCu70aHw6SZFkN4ZteeSJ7TbW', 'Puskesmas', 60, NULL, NULL),
(105, 'upt madras hulu', 'upt_madras_hulu@gmail.com', '$2y$10$D3Pg7IKb/cA1zIgWEWlyduYjfuB2MGc5eTAN8A7HEm.MlZQgbbqUK', 'Puskesmas', 61, NULL, NULL),
(106, 'upt suka damai', 'upt_suka_damai@gmail.com', '$2y$10$SKUMx516xqfZdNgx00GB/u9asMpGHkxT73DscIJJnsYX8DaEFZ5uS', 'Puskesmas', 62, NULL, NULL),
(107, 'upt sari rejo', 'upt_sari_rejo@gmail.com', '$2y$10$B175LVQ3XWYGN8eLIFlhm.a9wi2gI/WPS3JlOrWBTblLGz1SQ5oGW', 'Puskesmas', 63, NULL, NULL),
(108, 'upt titi rante', 'upt_titi_rante@gmail.com', '$2y$10$2C50A14UJq1Pdhh7bK8dfu7JB4YohgPfCS3oXegL0piTd4Q/QnqSq', 'Puskesmas', 64, NULL, NULL),
(109, 'upt padang bulan', 'upt_padang_bulan@gmail.com', '$2y$10$ZwqbfXiaijn9d0V1KfFImefAIDCLsOfHZNuYOyaNwNu/8l/.4tIpy', 'Puskesmas', 65, NULL, NULL),
(110, 'upt merdeka', 'upt_merdeka@gmail.com', '$2y$10$FLYEzypp08vBVUOHFelWVefbDc3DPu8/c7YVWBsskyLV1hEdUgwzy', 'Puskesmas', 66, NULL, NULL),
(111, 'upt babura', 'upt_babura@gmail.com', '$2y$10$OSKu2z0aRSQrDN9KIJ6KWebBw2i7qpOELI/OaJWZQNaG8yNWO/gDK', 'Puskesmas', 67, NULL, NULL),
(112, 'upt petisah hulu', 'upt_petisah_hulu@gmail.com', '$2y$10$btJx.pFo1DAcjj31ml6X5up/bEpPwNyQLH4BaVsoEBTOkOJ.2tpqq', 'Puskesmas', 68, NULL, NULL),
(113, 'upt darat', 'upt_darat@gmail.com', '$2y$10$U72GdvZqzhZZ7joPiD09neuSGrG2T6qF9tYFaN32XLRxGVvcSLSLe', 'Puskesmas', 69, NULL, NULL),
(114, 'upt asam kumbang', 'upt_asam_kumbang@gmail.com', '$2y$10$Q.NAWK25BX2RI1FY6pO7C.KfeoorVoqslT/NeMJNS3lxPw6VdGxFW', 'Puskesmas', 70, NULL, NULL),
(115, 'upt tanjung sari', 'upt_tanjung_sari@gmail.com', '$2y$10$DeDErBPfalkZCXHmNtcJ4OkIn2/7MdGDcDLatLa0C2QSBKiJ3eMrC', 'Puskesmas', 71, NULL, NULL),
(116, 'upt pb. selayang 1', 'upt_pb._selayang_1@gmail.com', '$2y$10$rD8J9TTfen1aTW1wKqELMexftfnaWo5mdhx01ZpiYvoxkz3zvrAxq', 'Puskesmas', 72, NULL, NULL),
(117, 'upt pb. selayang 2', 'upt_pb._selayang_2@gmail.com', '$2y$10$7NsQrv0WuTG9hL0fE8jXQOpS4Jb98hg8ssBEanmcxWmYczl.srzlS', 'Puskesmas', 73, NULL, NULL),
(118, 'upt beringin', 'upt_beringin@gmail.com', '$2y$10$bvL79r9pidHjc1OnaxgvN.0t/uPv4P9VH5Y4T4be5zUX8BSz.6sY.', 'Puskesmas', 74, NULL, NULL),
(119, 'upt sempakata', 'upt_sempakata@gmail.com', '$2y$10$yalunLRwIAJ3iX/PyFi/we2GczZTxHfvdNVfPDtE6nbpljnIEXAme', 'Puskesmas', 75, NULL, NULL),
(120, 'upt lalang', 'upt_lalang@gmail.com', '$2y$10$TZcgiK6y2fXLe2WGgy2X6O4.FaBHWb0b6QYUqkwaV7Js9dUa8A66.', 'Puskesmas', 76, NULL, NULL),
(121, 'upt sei sikambing b', 'upt_sei_sikambing_b@gmail.com', '$2y$10$3HAE5lPrMHDdlc9pSI9t8.O9loij/M.b.jthFJDYJ01TWkBmw6hMW', 'Puskesmas', 77, NULL, NULL),
(122, 'upt kelurahan sunggal', 'upt_kelurahan_sunggal@gmail.com', '$2y$10$3JfYliITXPv7c5q9uAbI9Ozauy80bQjE3u.8Ll9SVvqhsb1V2I1Uy', 'Puskesmas', 78, NULL, NULL),
(123, 'upt tj rejo', 'upt_tj_rejo@gmail.com', '$2y$10$tOlTeVvMRUFMlhwmxhfyJe8ZiFSv9ZmaVjt7.0NDppHi0PkyWf28m', 'Puskesmas', 79, NULL, NULL),
(124, 'upt babura', 'upt_babura@gmail.com', '$2y$10$.tzMPD7tsu8Sm1Q4DHEzr.xNJZJD3udueM5rLCYHmG70P49onFTT2', 'Puskesmas', 80, NULL, NULL),
(125, 'upt simpang tanjung', 'upt_simpang_tanjung@gmail.com', '$2y$10$7ow5aBv2JRmEBik/vWqwTOSLMdJ0hNmSQsbfwm4LHh1zZz5k4f3Pe', 'Puskesmas', 81, NULL, NULL),
(126, 'upt helvetia', 'upt_helvetia@gmail.com', '$2y$10$kEYmT8bYsQYI7.UJRlQ22.liZlc6nTpPTt8c9q9pYSjLvH.aJQgma', 'Puskesmas', 82, NULL, NULL),
(127, 'upt helvetia tengah', 'upt_helvetia_tengah@gmail.com', '$2y$10$pQvJ/F2VJ5tXZRpVcMad.uW9q2j9CeBeYZJj1XWV2nsL1k51qSg4y', 'Puskesmas', 83, NULL, NULL),
(128, 'upt helvetia timur', 'upt_helvetia_timur@gmail.com', '$2y$10$3Lwpg2UJ/BZ6Iaba7xj7aegaXkeB048s1owpIJTP1gDav.xlIzbd.', 'Puskesmas', 84, NULL, NULL),
(129, 'upt dwikora', 'upt_dwikora@gmail.com', '$2y$10$IdWDaKMxH/5FIvO4ctQUG.S8hk.tT/Lhx0uvvTmLDAzJ.z5UIbq3m', 'Puskesmas', 85, NULL, NULL),
(130, 'upt ssc ii', 'upt_ssc_ii@gmail.com', '$2y$10$usi34frSIghB/FXyj3Rn1ORB5fN4LXzf3SmjLPIDbTn0Rcx0s2cK.', 'Puskesmas', 86, NULL, NULL),
(131, 'upt tanjung gusta', 'upt_tanjung_gusta@gmail.com', '$2y$10$P0YO9YWWz9LzSobFauoAQOVVf050vnybV4ylHkdbm4T7jfcooMJW6', 'Puskesmas', 87, NULL, NULL),
(132, 'upt cinta damai', 'upt_cinta_damai@gmail.com', '$2y$10$5YXtBZk19FiV4AwKXp33X.YPTwnXMB/2OtaAtU/Yha8jiIG1X64vG', 'Puskesmas', 88, NULL, NULL),
(133, 'upt petisah tengah', 'upt_petisah_tengah@gmail.com', '$2y$10$tQp1gNpr2ujVME2P26Xu1udLcD9067Sx5uExAjdAV8HRB4VV4V1G.', 'Puskesmas', 89, NULL, NULL),
(134, 'upt sekip', 'upt_sekip@gmail.com', '$2y$10$4wsSzd/L/HYlV1/6Tk2CzeaDGqunQRyzimX72UEuZ01QUEolxY7GK', 'Puskesmas', 90, NULL, NULL),
(135, 'upt sei putih timur i', 'upt_sei_putih_timur_i@gmail.com', '$2y$10$phTVw/ajkBUgy2Ifvux5M.JKcawhHUlNecJ6AFnIKu2I0NDgqens.', 'Puskesmas', 91, NULL, NULL),
(136, 'upt sei sikambing d', 'upt_sei_sikambing_d@gmail.com', '$2y$10$D1ylhCvmKd6ojPKwml5XeuqkJVYasn2UNiNlfQxhDVeCdAQeecbge', 'Puskesmas', 92, NULL, NULL),
(137, 'upt sei putih barat', 'upt_sei_putih_barat@gmail.com', '$2y$10$wtuk3OBQti9nxHWPb8rbd.GKKG0OSfJKN6plPuZISl8wB2bcB/b1m', 'Puskesmas', 93, NULL, NULL),
(138, 'upt sei putih tengah', 'upt_sei_putih_tengah@gmail.com', '$2y$10$TTk/.LBBq7qdvLRa9Mb3UO8rmZ139uZ89jVr1dB9Jtyde2nT3l.F.', 'Puskesmas', 94, NULL, NULL),
(139, 'upt sei putih timur ii', 'upt_sei_putih_timur_ii@gmail.com', '$2y$10$us6dmmHbdCOyvuz3LlXd1u1ljWxtm/zIwvA1laxZE6qgcbdh3hAK2', 'Puskesmas', 95, NULL, NULL),
(140, 'upt kesawan', 'upt_kesawan@gmail.com', '$2y$10$sQGWvm0mnMuNvUKmgceKr.rUkMM1DN110T2DH9njKxgpJKpK8VDom', 'Puskesmas', 96, NULL, NULL),
(141, 'upt silalas', 'upt_silalas@gmail.com', '$2y$10$qBZwOv58wUCQfPFLuVAVK.z3.7M/9WhJtHzwXDNeJR6CxwxQUxMwO', 'Puskesmas', 97, NULL, NULL),
(142, 'upt glugur kota', 'upt_glugur_kota@gmail.com', '$2y$10$zBzlK79luiWOnFmQ5Fmcu.au.xuwn4e9rgdvv4/3UKARPjJaadxUu', 'Puskesmas', 98, NULL, NULL),
(143, 'upt pulo brayan kota', 'upt_pulo_brayan_kota@gmail.com', '$2y$10$GOZlWmMgd00fsEV8LguVouZMnM41vygv742DmpfsBZ3ukRGtjM1IO', 'Puskesmas', 99, NULL, NULL),
(144, 'upt karang berombak', 'upt_karang_berombak@gmail.com', '$2y$10$NicLx4tvMYNgJ2Jk028ZSOHyvg6G4Ar/DSXbqzBTNH9CiYIcIzovW', 'Puskesmas', 100, NULL, NULL),
(145, 'upt sei agul', 'upt_sei_agul@gmail.com', '$2y$10$Z5NMXfeSq/wFTnezruTSquYY4v9YMm6OPkA9xGP/v0bNE/x3.eLDG', 'Puskesmas', 101, NULL, NULL),
(146, 'upt glugur darat i', 'upt_glugur_darat_i@gmail.com', '$2y$10$dEGkkQRxC9BnJ0SWkEwcuOwnpB7SgApRG/CL1k2Vv8dbEZ8MuWKBm', 'Puskesmas', 102, NULL, NULL),
(147, 'upt glugur darat ii', 'upt_glugur_darat_ii@gmail.com', '$2y$10$dCrgswD8zn00WFJAIV8QAu9k.EHNPMLqJIjVmVd5Mgwsqjb1s9/HS', 'Puskesmas', 103, NULL, NULL),
(148, 'upt pbd i', 'upt_pbd_i@gmail.com', '$2y$10$f7NvMj/OKJGNu6CDe9ASh.EAoouru2ZmRtGlEeZfskKVPp/3XfEBO', 'Puskesmas', 104, NULL, NULL),
(149, 'upt pbd ii', 'upt_pbd_ii@gmail.com', '$2y$10$Kkm34UG3bGCTcmgu/qvMmeHs4BuOf6ZHQBmVGL8ZgypRzLwhOr.1u', 'Puskesmas', 105, NULL, NULL),
(150, 'upt p.b. bengkel', 'upt_p.b._bengkel@gmail.com', '$2y$10$.sWz3yu7Q.coxMpm0Lv3I.G/UY3UvOLY03QK5COJ1QMdWLjQMhIPy', 'Puskesmas', 106, NULL, NULL),
(151, 'upt p.b.b. baru', 'upt_p.b.b._baru@gmail.com', '$2y$10$cME.88GJwrK9KPuNNbyPpO5WmBfse0LX6iuba5jg5xlIiJSJ1zIna', 'Puskesmas', 107, NULL, NULL),
(152, 'upt durian', 'upt_durian@gmail.com', '$2y$10$sBU4NJnAro0/TC0KCNkQrOqJLXOUP8W6U5inl/pDX8gh8P6YUgIky', 'Puskesmas', 108, NULL, NULL),
(153, 'upt gaharu', 'upt_gaharu@gmail.com', '$2y$10$8kIKt5k7lNXQPrzKhjVmGebbR11vbqjqbqC.VdXxL4UE5INJQ4.UO', 'Puskesmas', 109, NULL, NULL),
(154, 'upt sidodadi', 'upt_sidodadi@gmail.com', '$2y$10$pOndrKKlaK/O9ZsIwHma2eIzSP297/LO4k8wbocoqEuGZKHj5Cw8C', 'Puskesmas', 110, NULL, NULL),
(155, 'upt perintis', 'upt_perintis@gmail.com', '$2y$10$0bE77QN7a2uUpj03k0V4cu.MuiiLuqsi9JidPTjrXYGyFgfjvKjaG', 'Puskesmas', 111, NULL, NULL),
(156, 'upt gang buntu', 'upt_gang_buntu@gmail.com', '$2y$10$KvAIlf31r74ywMRdP2wpCOUEsOIoYsxO5EagJaPPLN/0TuoyPa32u', 'Puskesmas', 112, NULL, NULL),
(157, 'upt sei kera hilir i', 'upt_sei_kera_hilir_i@gmail.com', '$2y$10$rlWgbVNImLCkhlyN1N4iz.6iiepCgxxSyKAnnautapIwN8tASWz6e', 'Puskesmas', 113, NULL, NULL),
(158, 'upt sei kera hilir ii', 'upt_sei_kera_hilir_ii@gmail.com', '$2y$10$ttYQDe81arBONYBNYgrJzO.Wfm53k.rY8wgtifgtsLinAbkFyabvO', 'Puskesmas', 114, NULL, NULL),
(159, 'upt sei kera hulu', 'upt_sei_kera_hulu@gmail.com', '$2y$10$syR1H5gB8CBFEiocdW2qXOHqRzw7Xz5AhnCfeoXHs1Fs275YG1vji', 'Puskesmas', 115, NULL, NULL),
(160, 'upt pahlawan', 'upt_pahlawan@gmail.com', '$2y$10$8ziziPBG/n1EfT0OvIXrGuNCNkXLCKtTpHEfSj.oGxCHH0Q75lIzC', 'Puskesmas', 116, NULL, NULL),
(161, 'upt sidorame barat i', 'upt_sidorame_barat_i@gmail.com', '$2y$10$E5VwvL91QLEPIcvkguoZ6OjohGAtDKrm9gRjXvVkiksE0S6vPm1A2', 'Puskesmas', 117, NULL, NULL),
(162, 'upt sidorame barat ii', 'upt_sidorame_barat_ii@gmail.com', '$2y$10$HCFMOg5Agod1Cqi.y1uE7OjiXgh2IBg5jrx0z4rO8OHOleEE89Xy6', 'Puskesmas', 118, NULL, NULL),
(163, 'upt pandau hilir', 'upt_pandau_hilir@gmail.com', '$2y$10$R8Yd8xoYaj6k/X8qScx2reoyMM7gEoDdVxUS1ZrA78P.w8YDVWf6S', 'Puskesmas', 119, NULL, NULL),
(164, 'upt sidorame timur', 'upt_sidorame_timur@gmail.com', '$2y$10$SGGky3URgcWuRKkoGjYZJuMIcdb9FU9NSbrefQi/mNQwNrmS1Z4Ui', 'Puskesmas', 120, NULL, NULL),
(165, 'upt tegal rejo', 'upt_tegal_rejo@gmail.com', '$2y$10$LlHAau16WUGJE.htNFsgWenG3BKP5SfWM9GKZUg2egkAJdAP.KlaK', 'Puskesmas', 121, NULL, NULL),
(166, 'upt bandar selamat', 'upt_bandar_selamat@gmail.com', '$2y$10$ufhwnXcIen8B47zKuvgHxudpe5n3hFSbU/NFbWjMaaAOnICdZvPQC', 'Puskesmas', 122, NULL, NULL),
(167, 'upt bantan', 'upt_bantan@gmail.com', '$2y$10$2/4gSScKca3sLHlpeQEk/epchnP4L6fiWPZt4lCvN1UGnWtOxnTPm', 'Puskesmas', 123, NULL, NULL),
(168, 'upt bantan timur', 'upt_bantan_timur@gmail.com', '$2y$10$Fjq5BmIoKstsrRltIkkeDuQgpmWffIO3iBxZ2dakNk7TtuDPTpO6C', 'Puskesmas', 124, NULL, NULL),
(169, 'upt tembung', 'upt_tembung@gmail.com', '$2y$10$RLoElzqPc93cyy3B8KuyNezsIZXflKwyrOnTJyIlTm91QdvduScTi', 'Puskesmas', 125, NULL, NULL),
(170, 'upt sidorejo', 'upt_sidorejo@gmail.com', '$2y$10$CQqniUK65zOmS5nKO8gWxu0Pw.6RElWTT46Na6M3nNEM8wRYuEDjG', 'Puskesmas', 126, NULL, NULL),
(171, 'upt sidorejo hilir', 'upt_sidorejo_hilir@gmail.com', '$2y$10$q7cdz4I9g5VpZiqBVZfOJu4vdAy2FR/Yes1P/nW1VOVdduYJRKcYG', 'Puskesmas', 127, NULL, NULL),
(172, 'upt indra kasih', 'upt_indra_kasih@gmail.com', '$2y$10$XzEtM/2cVVPQxIDW6N3qoeaQX/OjZXhSpH9DVngX/sw33e2/trs5a', 'Puskesmas', 128, NULL, NULL),
(173, 'upt tanjung mulia', 'upt_tanjung_mulia@gmail.com', '$2y$10$rYjKHmV3yNohk0cnSXrpEehKMMkioC3XqTmw1HuEU5j4TFJbJYih.', 'Puskesmas', 129, NULL, NULL),
(174, 'upt tanjung mulia hilir', 'upt_tanjung_mulia_hilir@gmail.com', '$2y$10$rEGiiwsSdNoVQGQWUuDB9Ok4n3HE34YMfQisqHtC8YRybB1UnjgA.', 'Puskesmas', 130, NULL, NULL),
(175, 'upt kota bangun', 'upt_kota_bangun@gmail.com', '$2y$10$5LEoEIk0nUtNCFOgOUM3W.txNosU.VyXi7kJ7qZxvNCa5n/3bfCAS', 'Puskesmas', 131, NULL, NULL),
(176, 'upt mabar', 'upt_mabar@gmail.com', '$2y$10$GjJexiXdKmImb511qR8EpOr5B46/irdbChFyRvb0e3wZRB2YpkWEW', 'Puskesmas', 132, NULL, NULL),
(177, 'upt mabar hilir', 'upt_mabar_hilir@gmail.com', '$2y$10$JYLQDFDX1nHjzJwhaeEUQe/a.DcaNn4sjGNfyEZokhxV./C9pUK2q', 'Puskesmas', 133, NULL, NULL),
(178, 'upt titi papan', 'upt_titi_papan@gmail.com', '$2y$10$wd9H.I54ESJ2hEGfYg1uT.Pxz57/YKerxuCAhgTS3JQJef18LRDaC', 'Puskesmas', 134, NULL, NULL),
(179, 'upt martubung', 'upt_martubung@gmail.com', '$2y$10$1CnMhvNLqohucBovNeekXOSywJW4W9nk.Y2N7lCZaUajF5wyXYqJm', 'Puskesmas', 135, NULL, NULL),
(180, 'upt sei mati', 'upt_sei_mati@gmail.com', '$2y$10$k.kHCij3RxJqbTZOJb9SlekM97u4jQIgRF0STL.mtm8mMPvdLomhS', 'Puskesmas', 136, NULL, NULL),
(181, 'upt pekan labuhan', 'upt_pekan_labuhan@gmail.com', '$2y$10$LBlkpUhmyzJD2CJb6ihZkOhJn6cM98MhJP47f3Iw.egD1r87ioPfS', 'Puskesmas', 137, NULL, NULL),
(182, 'upt nelayan indah', 'upt_nelayan_indah@gmail.com', '$2y$10$uyT5OSS7xZnuiZ/TWDzzG.IrSvEKMtE31KcLUzF2mK7dmsBh15Lka', 'Puskesmas', 138, NULL, NULL),
(183, 'upt besar', 'upt_besar@gmail.com', '$2y$10$yGPFASppZvifx7gAPMvpyesUF7eubSYhAezODNaOztP/MdL6VKPcS', 'Puskesmas', 139, NULL, NULL),
(184, 'upt tangkahan', 'upt_tangkahan@gmail.com', '$2y$10$F.q40MWZmMc04Gsq3ttnfOv4stM9UuthJKEJl3ePmyZUyJ/0dHBq6', 'Puskesmas', 140, NULL, NULL),
(185, 'upt terjun', 'upt_terjun@gmail.com', '$2y$10$QnrxLCYgtWx4Ly8X5urDNuELdvQCmUUn5TGHb5gM3svg8yMWagOxO', 'Puskesmas', 141, NULL, NULL),
(186, 'upt payah pasir', 'upt_payah_pasir@gmail.com', '$2y$10$D91KVnNrN/QIZZsUji/eZ.mk1e3lY/.qGPsbZECcUrn45YzItizEC', 'Puskesmas', 142, NULL, NULL),
(187, 'upt labuhan deli', 'upt_labuhan_deli@gmail.com', '$2y$10$3dxm9pXIfqVGBg73x223recCuHl7UCt1zij5EzOy.XhPUvo4lkr42', 'Puskesmas', 143, NULL, NULL),
(188, 'upt rengas pulau', 'upt_rengas_pulau@gmail.com', '$2y$10$ouoqDm4J/fIIzpA5grgUUepidBAqSUqElJUTCEZQn0VOIrQHRzau6', 'Puskesmas', 144, NULL, NULL),
(189, 'upt tanah 600', 'upt_tanah_600@gmail.com', '$2y$10$NlfMQNt5OAfZ0MGxny3KGeyAbuKnE/Z7VRuzN2Xo.R9s7JJBWw0oO', 'Puskesmas', 145, NULL, NULL),
(190, 'upt belawan i', 'upt_belawan_i@gmail.com', '$2y$10$jwsjjOzYUahFbJbElwqOce1u19rUzu3SzPr5WMhdp6YD0O2r3wrBa', 'Puskesmas', 146, NULL, NULL),
(191, 'upt belawan ii', 'upt_belawan_ii@gmail.com', '$2y$10$aSKWjMMw0XFPzYXCD3zqPu7aYn1ZNuJgRryRb9.fkNqls2mA0SvdO', 'Puskesmas', 147, NULL, NULL),
(192, 'upt bagan deli', 'upt_bagan_deli@gmail.com', '$2y$10$1TzcBmNE71DYmIaBKLGNoO/6HyblUNc2GBHJch/Tvg0Mb2fVjOVVu', 'Puskesmas', 148, NULL, NULL),
(193, 'upt belawan sicanang', 'upt_belawan_sicanang@gmail.com', '$2y$10$6s8gTX3MJAlIZrIkiw/FR.qFSmQfRUrYz3CqMTL5Uy3x1eKps5zTG', 'Puskesmas', 149, NULL, NULL),
(194, 'upt belawan bahagia', 'upt_belawan_bahagia@gmail.com', '$2y$10$u72sr7J5UagTR/FTf0fsgOKcq3NJArztXXTa6FahI00DMGQbeRRw.', 'Puskesmas', 150, NULL, NULL),
(195, 'upt belawan bahari', 'upt_belawan_bahari@gmail.com', '$2y$10$C6f73hKocyelw/VjqQKlZOgqirSHi25uMTUsUljeXx0GyXmftNYqS', 'Puskesmas', 151, NULL, NULL);

--
-- Indexes for dumped tables
--

--
-- Indexes for table `kecamatan`
--
ALTER TABLE `kecamatan`
  ADD PRIMARY KEY (`id_kecamatan`);

--
-- Indexes for table `kelurahan`
--
ALTER TABLE `kelurahan`
  ADD PRIMARY KEY (`id_kelurahan`);

--
-- Indexes for table `laporan`
--
ALTER TABLE `laporan`
  ADD PRIMARY KEY (`id_laporan`);

--
-- Indexes for table `puskesmas`
--
ALTER TABLE `puskesmas`
  ADD PRIMARY KEY (`id_puskesmas`);

--
-- Indexes for table `register`
--
ALTER TABLE `register`
  ADD PRIMARY KEY (`id_register`);

--
-- Indexes for table `users`
--
ALTER TABLE `users`
  ADD PRIMARY KEY (`id`);

--
-- AUTO_INCREMENT for dumped tables
--

--
-- AUTO_INCREMENT for table `kecamatan`
--
ALTER TABLE `kecamatan`
  MODIFY `id_kecamatan` int(11) UNSIGNED NOT NULL AUTO_INCREMENT, AUTO_INCREMENT=24;

--
-- AUTO_INCREMENT for table `kelurahan`
--
ALTER TABLE `kelurahan`
  MODIFY `id_kelurahan` int(11) NOT NULL AUTO_INCREMENT, AUTO_INCREMENT=153;

--
-- AUTO_INCREMENT for table `laporan`
--
ALTER TABLE `laporan`
  MODIFY `id_laporan` int(11) NOT NULL AUTO_INCREMENT, AUTO_INCREMENT=303;

--
-- AUTO_INCREMENT for table `puskesmas`
--
ALTER TABLE `puskesmas`
  MODIFY `id_puskesmas` int(11) NOT NULL AUTO_INCREMENT, AUTO_INCREMENT=153;

--
-- AUTO_INCREMENT for table `register`
--
ALTER TABLE `register`
  MODIFY `id_register` int(11) NOT NULL AUTO_INCREMENT, AUTO_INCREMENT=3;

--
-- AUTO_INCREMENT for table `users`
--
ALTER TABLE `users`
  MODIFY `id` int(11) NOT NULL AUTO_INCREMENT, AUTO_INCREMENT=196;
COMMIT;

/*!40101 SET CHARACTER_SET_CLIENT=@OLD_CHARACTER_SET_CLIENT */;
/*!40101 SET CHARACTER_SET_RESULTS=@OLD_CHARACTER_SET_RESULTS */;
/*!40101 SET COLLATION_CONNECTION=@OLD_COLLATION_CONNECTION */;
